responsibility,131046646,1,ᚱᛖᛋᛈᚩᚾᛋᛁᛒᛁᛚᛁᛏᚣ,652
administrative,123081822,1,ᚪᛞᛗᛁᚾᛁᛋᛏᚱᚪᛏᛁᚢᛖ,728
representative,122621364,1,ᚱᛖᛈᚱᛖᛋᛖᚾᛏᚪᛏᛁᚢᛖ,664
characteristic,80882968,1,ᚳᚻᚪᚱᚪᚳᛏᛖᚱᛁᛋᛏᛁᚳ,578
recommendations,69479305,1,ᚱᛖᚳᚩᛗᛗᛖᚾᛞᚪᛏᛡᚾᛋ,770
superintendent,64788813,1,ᛋᚢᛈᛖᚱᛁᚾᛏᛖᚾᛞᛖᚾᛏ,636
correspondence,55412495,1,ᚳᚩᚱᚱᛖᛋᛈᚩᚾᛞᛖᚾᚳᛖ,506
establishments,35296038,1,ᛖᛋᛏᚪᛒᛚᛁᛋᚻᛗᛖᚾᛏᛋ,796
representations,28492930,1,ᚱᛖᛈᚱᛖᛋᛖᚾᛏᚪᛏᛡᚾᛋ,752
infrastructure,27354787,1,ᛁᚾᚠᚱᚪᛋᛏᚱᚢᚳᛏᚢᚱᛖ,449
administrators,24502662,1,ᚪᛞᛗᛁᚾᛁᛋᛏᚱᚪᛏᚩᚱᛋ,698
interpretations,19210093,1,ᛁᚾᛏᛖᚱᛈᚱᛖᛏᚪᛏᛡᚾᛋ,722
municipalities,16922888,1,ᛗᚢᚾᛁᚳᛁᛈᚪᛚᛁᛏᛁᛖᛋ,632
satisfactorily,15551602,1,ᛋᚪᛏᛁᛋᚠᚪᚳᛏᚩᚱᛁᛚᚣ,689
pharmaceutical,15133763,0,ᛈᚻᚪᚱᛗᚪᚳᛖᚢᛏᛁᚳᚪᛚ,698
advertisements,14708503,1,ᚪᛞᚢᛖᚱᛏᛁᛋᛖᛗᛖᚾᛏᛋ,756
disappointment,14085659,1,ᛞᛁᛋᚪᛈᛈᚩᛁᚾᛏᛗᛖᚾᛏ,708
accountability,13919362,1,ᚪᚳᚳᚩᚢᚾᛏᚪᛒᛁᛚᛁᛏᚣ,676
unsatisfactory,13576558,1,ᚢᚾᛋᚪᛏᛁᛋᚠᚪᚳᛏᚩᚱᚣ,617
transformations,12401901,1,ᛏᚱᚪᚾᛋᚠᚩᚱᛗᚪᛏᛡᚾᛋ,685
acknowledgment,12084030,1,ᚪᚳᚳᚾᚩᚹᛚᛖᛞᚷᛗᛖᚾᛏ,650
susceptibility,11844378,1,ᛋᚢᛋᚳᛖᛈᛏᛁᛒᛁᛚᛁᛏᚣ,680
instrumentation,11832769,1,ᛁᚾᛋᛏᚱᚢᛗᛖᚾᛏᚪᛏᛡᚾ,704
systematically,11771037,1,ᛋᚣᛋᛏᛖᛗᚪᛏᛁᚳᚪᛚᛚᚣ,952
accomplishment,11655158,1,ᚪᚳᚳᚩᛗᛈᛚᛁᛋᚻᛗᛖᚾᛏ,650
classifications,11623641,1,ᚳᛚᚪᛋᛋᛁᚠᛁᚳᚪᛏᛡᚾᛋ,711
constantinople,10848718,1,ᚳᚩᚾᛋᛏᚪᚾᛏᛁᚾᚩᛈᛚᛖ,596
experimentally,10536061,1,ᛖᛉᛈᛖᚱᛁᛗᛖᚾᛏᚪᛚᛚᚣ,838
chromatography,10442832,0,ᚳᚻᚱᚩᛗᚪᛏᚩᚷᚱᚪᛈᚻᚣ,582
contemporaries,10293494,1,ᚳᚩᚾᛏᛖᛗᛈᚩᚱᚪᚱᛁᛖᛋ,566
discriminatory,10192091,1,ᛞᛁᛋᚳᚱᛁᛗᛁᚾᚪᛏᚩᚱᚣ,636
standardization,9809470,1,ᛋᛏᚪᚾᛞᚪᚱᛞᛁᛋᚪᛏᛡᚾ,900
experimentation,9210619,1,ᛖᛉᛈᛖᚱᛁᛗᛖᚾᛏᚪᛏᛡᚾ,784
apprenticeship,9070188,1,ᚪᛈᛈᚱᛖᚾᛏᛁᚳᛖᛋᚻᛁᛈ,610
reconsideration,8797437,1,ᚱᛖᚳᚩᚾᛋᛁᛞᛖᚱᚪᛏᛡᚾ,670
correspondents,8769918,1,ᚳᚩᚱᚱᛖᛋᛈᚩᚾᛞᛖᚾᛏᛋ,538
dissatisfaction,8570459,1,ᛞᛁᛋᛋᚪᛏᛁᛋᚠᚪᚳᛏᛡᚾ,773
sustainability,8527719,1,ᛋᚢᛋᛏᚪᛁᚾᚪᛒᛁᛚᛁᛏᚣ,780
transplantation,8508184,0,ᛏᚱᚪᚾᛋᛈᛚᚪᚾᛏᚪᛏᛡᚾ,842
bibliographical,7971154,1,ᛒᛁᛒᛚᛡᚷᚱᚪᛈᚻᛁᚳᚪᛚ,738
understandable,7959378,1,ᚢᚾᛞᛖᚱᛋᛏᚪᚾᛞᚪᛒᛚᛖ,824
misunderstanding,7955821,1,ᛗᛁᛋᚢᚾᛞᛖᚱᛋᛏᚪᚾᛞᛝ,760
internationally,7913985,1,ᛁᚾᛏᛖᚱᚾᚪᛏᛡᚾᚪᛚᛚᚣ,864
reconnaissance,7487165,1,ᚱᛖᚳᚩᚾᚾᚪᛁᛋᛋᚪᚾᚳᛖ,596
irregularities,7230237,1,ᛁᚱᚱᛖᚷᚢᛚᚪᚱᛁᛏᛁᛖᛋ,562
microorganisms,7229142,0,ᛗᛁᚳᚱᚩᚩᚱᚷᚪᚾᛁᛋᛗᛋ,502
confidentiality,7203842,1,ᚳᚩᚾᚠᛁᛞᛖᚾᛏᛡᛚᛁᛏᚣ,699
anthropological,7179632,1,ᚪᚾᚦᚱᚩᛈᚩᛚᚩᚷᛁᚳᚪᛚ,510
crystallization,6463921,0,ᚳᚱᚣᛋᛏᚪᛚᛚᛁᛋᚪᛏᛡᚾ,858
diversification,6371074,1,ᛞᛁᚢᛖᚱᛋᛁᚠᛁᚳᚪᛏᛡᚾ,623
psychoanalysis,6321249,1,ᛈᛋᚣᚳᚻᚩᚪᚾᚪᛚᚣᛋᛁᛋ,778
hospitalization,6192234,0,ᚻᚩᛋᛈᛁᛏᚪᛚᛁᛋᚪᛏᛡᚾ,762
administrations,6168943,1,ᚪᛞᛗᛁᚾᛁᛋᛏᚱᚪᛏᛡᚾᛋ,816
scientifically,5553867,1,ᛋᚳᛁᛖᚾᛏᛁᚠᛁᚳᚪᛚᛚᚣ,675
psychoanalytic,5439710,1,ᛈᛋᚣᚳᚻᚩᚪᚾᚪᛚᚣᛏᛁᚳ,744
generalizations,5243162,1,ᚷᛖᚾᛖᚱᚪᛚᛁᛋᚪᛏᛡᚾᛋ,790
proportionately,5102517,1,ᛈᚱᚩᛈᚩᚱᛏᛡᚾᚪᛏᛖᛚᚣ,716
responsiveness,5094766,1,ᚱᛖᛋᛈᚩᚾᛋᛁᚢᛖᚾᛖᛋᛋ,566
entrepreneurial,5081828,1,ᛖᚾᛏᚱᛖᛈᚱᛖᚾᛖᚢᚱᛡᛚ,644
transcendental,4927670,1,ᛏᚱᚪᚾᛋᚳᛖᚾᛞᛖᚾᛏᚪᛚ,772
constituencies,4878983,1,ᚳᚩᚾᛋᛏᛁᛏᚢᛖᚾᚳᛁᛖᛋ,514
quantitatively,4817601,1,ᚳᚹᚪᚾᛏᛁᛏᚪᛏᛁᚢᛖᛚᚣ,740
underdeveloped,4691854,1,ᚢᚾᛞᛖᚱᛞᛖᚢᛖᛚᚩᛈᛖᛞ,704
reinforcements,4688581,1,ᚱᛖᛁᚾᚠᚩᚱᚳᛖᛗᛖᚾᛏᛋ,517
discontinuance,4604569,1,ᛞᛁᛋᚳᚩᚾᛏᛁᚾᚢᚪᚾᚳᛖ,550
intellectually,4552491,1,ᛁᚾᛏᛖᛚᛚᛖᚳᛏᚢᚪᛚᛚᚣ,820
electronically,4550102,1,ᛖᛚᛖᚳᛏᚱᚩᚾᛁᚳᚪᛚᛚᚣ,716
individualized,4518603,1,ᛁᚾᛞᛁᚢᛁᛞᚢᚪᛚᛁᛋᛖᛞ,716
undergraduates,4497149,1,ᚢᚾᛞᛖᚱᚷᚱᚪᛞᚢᚪᛏᛖᛋ,692
enthusiastically,4417979,1,ᛖᚾᚦᚢᛋᛡᛋᛏᛁᚳᚪᛚᛚᚣ,766
unincorporated,4353343,1,ᚢᚾᛁᚾᚳᚩᚱᛈᚩᚱᚪᛏᛖᛞ,496
semiconductors,4322360,1,ᛋᛖᛗᛁᚳᚩᚾᛞᚢᚳᛏᚩᚱᛋ,506
interconnected,4221010,1,ᛁᚾᛏᛖᚱᚳᚩᚾᚾᛖᚳᛏᛖᛞ,570
electrification,4181669,1,ᛖᛚᛖᚳᛏᚱᛁᚠᛁᚳᚪᛏᛡᚾ,659
anthropologists,4113757,1,ᚪᚾᚦᚱᚩᛈᚩᛚᚩᚷᛁᛋᛏᛋ,492
appropriateness,4063671,1,ᚪᛈᛈᚱᚩᛈᚱᛡᛏᛖᚾᛖᛋᛋ,690
attractiveness,4013868,1,ᚪᛏᛏᚱᚪᚳᛏᛁᚢᛖᚾᛖᛋᛋ,698
synchronization,4007246,1,ᛋᚣᚾᚳᚻᚱᚩᚾᛁᛋᚪᛏᛡᚾ,644
microstructure,4004431,0,ᛗᛁᚳᚱᚩᛋᛏᚱᚢᚳᛏᚢᚱᛖ,412
superstructure,3929304,1,ᛋᚢᛈᛖᚱᛋᛏᚱᚢᚳᛏᚢᚱᛖ,456
epidemiological,3924239,0,ᛖᛈᛁᛞᛖᛗᛡᛚᚩᚷᛁᚳᚪᛚ,786
contemporaneous,3918214,1,ᚳᚩᚾᛏᛖᛗᛈᚩᚱᚪᚾᛇᚢᛋ,530
interconnection,3640001,1,ᛁᚾᛏᛖᚱᚳᚩᚾᚾᛖᚳᛏᛡᚾ,550
professionalism,3566267,1,ᛈᚱᚩᚠᛖᛋᛋᛡᚾᚪᛚᛁᛋᛗ,697
entertainments,3544165,1,ᛖᚾᛏᛖᚱᛏᚪᛁᚾᛗᛖᚾᛏᛋ,728
supplementation,3514900,1,ᛋᚢᛈᛈᛚᛖᛗᛖᚾᛏᚪᛏᛡᚾ,800
revolutionaries,3497776,1,ᚱᛖᚢᚩᛚᚢᛏᛡᚾᚪᚱᛁᛖᛋ,618
underestimated,3463181,1,ᚢᚾᛞᛖᚱᛖᛋᛏᛁᛗᚪᛏᛖᛞ,792
alphabetically,3369901,1,ᚪᛚᛈᚻᚪᛒᛖᛏᛁᚳᚪᛚᛚᚣ,910
interdependent,3331012,1,ᛁᚾᛏᛖᚱᛞᛖᛈᛖᚾᛞᛖᚾᛏ,736
respectability,3330614,1,ᚱᛖᛋᛈᛖᚳᛏᚪᛒᛁᛚᛁᛏᚣ,768
intensification,3238253,1,ᛁᚾᛏᛖᚾᛋᛁᚠᛁᚳᚪᛏᛡᚾ,637
subcontractors,3202895,1,ᛋᚢᛒᚳᚩᚾᛏᚱᚪᚳᛏᚩᚱᛋ,476
indiscriminate,3124962,1,ᛁᚾᛞᛁᛋᚳᚱᛁᛗᛁᚾᚪᛏᛖ,642
microprocessor,3109493,1,ᛗᛁᚳᚱᚩᛈᚱᚩᚳᛖᛋᛋᚩᚱ,398
unsuccessfully,3089795,1,ᚢᚾᛋᚢᚳᚳᛖᛋᛋᚠᚢᛚᛚᚣ,541
bacteriological,3067800,0,ᛒᚪᚳᛏᛖᚱᛡᛚᚩᚷᛁᚳᚪᛚ,726
intermittently,3056604,1,ᛁᚾᛏᛖᚱᛗᛁᛏᛏᛖᚾᛏᛚᚣ,748
unintelligible,3027190,1,ᚢᚾᛁᚾᛏᛖᛚᛚᛁᚷᛁᛒᛚᛖ,644
uncontrollable,3013306,1,ᚢᚾᚳᚩᚾᛏᚱᚩᛚᛚᚪᛒᛚᛖ,602
democratization,2982441,1,ᛞᛖᛗᚩᚳᚱᚪᛏᛁᛋᚪᛏᛡᚾ,790
understandably,2908194,1,ᚢᚾᛞᛖᚱᛋᛏᚪᚾᛞᚪᛒᛚᚣ,860
inconsiderable,2877116,1,ᛁᚾᚳᚩᚾᛋᛁᛞᛖᚱᚪᛒᛚᛖ,658
conscientiously,2772673,1,ᚳᚩᚾᛋᚳᛁᛖᚾᛏᛡᚢᛋᛚᚣ,640
proportionality,2760649,1,ᛈᚱᚩᛈᚩᚱᛏᛡᚾᚪᛚᛁᛏᚣ,680
atherosclerosis,2733910,0,ᚪᚦᛖᚱᚩᛋᚳᛚᛖᚱᚩᛋᛁᛋ,548
contraceptives,2699758,1,ᚳᚩᚾᛏᚱᚪᚳᛖᛈᛏᛁᚢᛖᛋ,552
interpretative,2668998,1,ᛁᚾᛏᛖᚱᛈᚱᛖᛏᚪᛏᛁᚢᛖ,634
pronouncements,2643338,1,ᛈᚱᚩᚾᚩᚢᚾᚳᛖᛗᛖᚾᛏᛋ,488
staphylococcus,2636528,0,ᛋᛏᚪᛈᚻᚣᛚᚩᚳᚩᚳᚳᚢᛋ,560
reimbursements,2612528,1,ᚱᛖᛁᛗᛒᚢᚱᛋᛖᛗᛖᚾᛏᛋ,654
psychopathology,2600445,0,ᛈᛋᚣᚳᚻᚩᛈᚪᚦᚩᛚᚩᚷᚣ,594
plenipotentiary,2568152,1,ᛈᛚᛖᚾᛁᛈᚩᛏᛖᚾᛏᛡᚱᚣ,728
insurmountable,2478789,1,ᛁᚾᛋᚢᚱᛗᚩᚢᚾᛏᚪᛒᛚᛖ,594
carcinogenesis,2476266,0,ᚳᚪᚱᚳᛁᚾᚩᚷᛖᚾᛖᛋᛁᛋ,518
unconditionally,2471907,1,ᚢᚾᚳᚩᚾᛞᛁᛏᛡᚾᚪᛚᛚᚣ,742
implementations,2454249,1,ᛁᛗᛈᛚᛖᛗᛖᚾᛏᚪᛏᛡᚾᛋ,856
inconveniences,2409166,1,ᛁᚾᚳᚩᚾᚢᛖᚾᛁᛖᚾᚳᛖᛋ,468
identifications,2342887,1,ᛁᛞᛖᚾᛏᛁᚠᛁᚳᚪᛏᛡᚾᛋ,697
discouragement,2334911,1,ᛞᛁᛋᚳᚩᚢᚱᚪᚷᛖᛗᛖᚾᛏ,614
instantaneously,2292065,1,ᛁᚾᛋᛏᚪᚾᛏᚪᚾᛇᚢᛋᛚᚣ,756
indemnification,2285271,1,ᛁᚾᛞᛖᛗᚾᛁᚠᛁᚳᚪᛏᛡᚾ,685
insufficiently,2283409,1,ᛁᚾᛋᚢᚠᚠᛁᚳᛁᛖᚾᛏᛚᚣ,526
nongovernmental,2280305,1,ᚾᚩᛝᚩᚢᛖᚱᚾᛗᛖᚾᛏᚪᛚ,628
irreconcilable,2263683,1,ᛁᚱᚱᛖᚳᚩᚾᚳᛁᛚᚪᛒᛚᛖ,584
predictability,2259759,1,ᛈᚱᛖᛞᛁᚳᛏᚪᛒᛁᛚᛁᛏᚣ,768
microbiological,2246564,0,ᛗᛁᚳᚱᚩᛒᛡᛚᚩᚷᛁᚳᚪᛚ,612
comprehensible,2157810,1,ᚳᚩᛗᛈᚱᛖᚻᛖᚾᛋᛁᛒᛚᛖ,616
circumferential,2131975,1,ᚳᛁᚱᚳᚢᛗᚠᛖᚱᛖᚾᛏᛡᛚ,557
decontamination,2078873,1,ᛞᛖᚳᚩᚾᛏᚪᛗᛁᚾᚪᛏᛡᚾ,784
practicability,2069045,1,ᛈᚱᚪᚳᛏᛁᚳᚪᛒᛁᛚᛁᛏᚣ,722
agriculturists,2068383,1,ᚪᚷᚱᛁᚳᚢᛚᛏᚢᚱᛁᛋᛏᛋ,514
interferometer,2060417,0,ᛁᚾᛏᛖᚱᚠᛖᚱᚩᛗᛖᛏᛖᚱ,559
fredericksburg,2040807,1,ᚠᚱᛖᛞᛖᚱᛁᚳᚳᛋᛒᚢᚱᚷ,449
constructively,2032476,1,ᚳᚩᚾᛋᛏᚱᚢᚳᛏᛁᚢᛖᛚᚣ,524
transcriptional,2010968,0,ᛏᚱᚪᚾᛋᚳᚱᛁᛈᛏᛡᚾᚪᛚ,712
macromolecules,1982933,0,ᛗᚪᚳᚱᚩᛗᚩᛚᛖᚳᚢᛚᛖᛋ,626
countermeasures,1946055,1,ᚳᚩᚢᚾᛏᛖᚱᛗᛠᛋᚢᚱᛖᛋ,556
disillusionment,1943900,1,ᛞᛁᛋᛁᛚᛚᚢᛋᛡᚾᛗᛖᚾᛏ,768
unconsciousness,1929473,1,ᚢᚾᚳᚩᚾᛋᚳᛡᚢᛋᚾᛖᛋᛋ,512
adenocarcinoma,1927689,0,ᚪᛞᛖᚾᚩᚳᚪᚱᚳᛁᚾᚩᛗᚪ,658
eschatological,1924714,0,ᛖᛋᚳᚻᚪᛏᚩᛚᚩᚷᛁᚳᚪᛚ,630
sympathetically,1901922,1,ᛋᚣᛗᛈᚪᚦᛖᛏᛁᚳᚪᛚᛚᚣ,888
microcomputers,1898298,1,ᛗᛁᚳᚱᚩᚳᚩᛗᛈᚢᛏᛖᚱᛋ,460
aggressiveness,1897704,1,ᚪᚷᚷᚱᛖᛋᛋᛁᚢᛖᚾᛖᛋᛋ,618
fundamentalist,1885365,1,ᚠᚢᚾᛞᚪᛗᛖᚾᛏᚪᛚᛁᛋᛏ,759
misrepresented,1875136,1,ᛗᛁᛋᚱᛖᛈᚱᛖᛋᛖᚾᛏᛖᛞ,718
nondestructive,1873287,1,ᚾᚩᚾᛞᛖᛋᛏᚱᚢᚳᛏᛁᚢᛖ,520
unintentionally,1867859,1,ᚢᚾᛁᚾᛏᛖᚾᛏᛡᚾᚪᛚᛚᚣ,788
physiologically,1856441,1,ᛈᚻᚣᛋᛡᛚᚩᚷᛁᚳᚪᛚᛚᚣ,816
excommunication,1810613,1,ᛖᛉᚳᚩᛗᛗᚢᚾᛁᚳᚪᛏᛡᚾ,644
incompressible,1798834,1,ᛁᚾᚳᚩᛗᛈᚱᛖᛋᛋᛁᛒᛚᛖ,610
worcestershire,1782364,1,ᚹᚩᚱᚳᛖᛋᛏᛖᚱᛋᚻᛁᚱᛖ,492
autocorrelation,1778081,1,ᚪᚢᛏᚩᚳᚩᚱᚱᛖᛚᚪᛏᛡᚾ,640
misapprehension,1764522,1,ᛗᛁᛋᚪᛈᛈᚱᛖᚻᛖᚾᛋᛡᚾ,724
interplanetary,1758332,1,ᛁᚾᛏᛖᚱᛈᛚᚪᚾᛖᛏᚪᚱᚣ,776
understatement,1739312,1,ᚢᚾᛞᛖᚱᛋᛏᚪᛏᛖᛗᛖᚾᛏ,760
climatological,1736648,0,ᚳᛚᛁᛗᚪᛏᚩᛚᚩᚷᛁᚳᚪᛚ,662
personification,1731291,1,ᛈᛖᚱᛋᚩᚾᛁᚠᛁᚳᚪᛏᛡᚾ,579
disorganization,1723655,1,ᛞᛁᛋᚩᚱᚷᚪᚾᛁᛋᚪᛏᛡᚾ,710
polysaccharide,1712198,1,ᛈᚩᛚᚣᛋᚪᚳᚳᚻᚪᚱᛁᛞᛖ,720
misinterpreted,1690224,1,ᛗᛁᛋᛁᚾᛏᛖᚱᛈᚱᛖᛏᛖᛞ,688
counterbalance,1679840,1,ᚳᚩᚢᚾᛏᛖᚱᛒᚪᛚᚪᚾᚳᛖ,626
thrombocytopenia,1678746,1,ᚦᚱᚩᛗᛒᚩᚳᚣᛏᚩᛈᛖᚾᛡ,590
intermolecular,1677768,0,ᛁᚾᛏᛖᚱᛗᚩᛚᛖᚳᚢᛚᚪᚱ,612
proprietorship,1677538,1,ᛈᚱᚩᛈᚱᛁᛖᛏᚩᚱᛋᚻᛁᛈ,440
rehabilitative,1662013,1,ᚱᛖᚻᚪᛒᛁᛚᛁᛏᚪᛏᛁᚢᛖ,710
principalities,1659647,1,ᛈᚱᛁᚾᚳᛁᛈᚪᛚᛁᛏᛁᛖᛋ,612
intercollegiate,1654415,1,ᛁᚾᛏᛖᚱᚳᚩᛚᛚᛖᚷᛡᛏᛖ,680
antidepressant,1643130,1,ᚪᚾᛏᛁᛞᛖᛈᚱᛖᛋᛋᚪᚾᛏ,784
insignificance,1630440,1,ᛁᚾᛋᛁᚷᚾᛁᚠᛁᚳᚪᚾᚳᛖ,473
reconstructions,1620228,1,ᚱᛖᚳᚩᚾᛋᛏᚱᚢᚳᛏᛡᚾᛋ,514
discriminations,1619439,1,ᛞᛁᛋᚳᚱᛁᛗᛁᚾᚪᛏᛡᚾᛋ,704
fundamentalism,1615730,1,ᚠᚢᚾᛞᚪᛗᛖᚾᛏᚪᛚᛁᛋᛗ,771
presuppositions,1609483,1,ᛈᚱᛖᛋᚢᛈᛈᚩᛋᛁᛏᛡᚾᛋ,602
sentimentality,1600851,1,ᛋᛖᚾᛏᛁᛗᛖᚾᛏᚪᛚᛁᛏᚣ,828
authoritarianism,1585791,1,ᚪᚢᚦᚩᚱᛁᛏᚪᚱᛡᚾᛁᛋᛗ,612
metaphorically,1572184,1,ᛗᛖᛏᚪᛈᚻᚩᚱᛁᚳᚪᛚᛚᚣ,768
conjunctivitis,1569863,0,ᚳᚩᚾᛂᚢᚾᚳᛏᛁᚢᛁᛏᛁᛋ,398
intramolecular,1549057,0,ᛁᚾᛏᚱᚪᛗᚩᛚᛖᚳᚢᛚᚪᚱ,642
schoolchildren,1546735,1,ᛋᚳᚻᚩᚩᛚᚳᚻᛁᛚᛞᚱᛖᚾ,512
indestructible,1542508,1,ᛁᚾᛞᛖᛋᛏᚱᚢᚳᛏᛁᛒᛚᛖ,646
contemptuously,1541798,1,ᚳᚩᚾᛏᛖᛗᛈᛏᚢᚩᚢᛋᛚᚣ,590
standardisation,1527208,1,ᛋᛏᚪᚾᛞᚪᚱᛞᛁᛋᚪᛏᛡᚾ,900
inconsequential,1518116,1,ᛁᚾᚳᚩᚾᛋᛖᚳᚹᛖᚾᛏᛡᛚ,596
conservatively,1514275,1,ᚳᚩᚾᛋᛖᚱᚢᚪᛏᛁᚢᛖᛚᚣ,616
nebuchadnezzar,1511288,1,ᚾᛖᛒᚢᚳᚻᚪᛞᚾᛖᛋᛋᚪᚱ,692
technicalities,1498989,1,ᛏᛖᚳᚻᚾᛁᚳᚪᛚᛁᛏᛁᛖᛋ,646
disequilibrium,1481005,1,ᛞᛁᛋᛖᚳᚹᛁᛚᛁᛒᚱᛁᚢᛗ,584
hyperthyroidism,1472145,1,ᚻᚣᛈᛖᚱᚦᚣᚱᚩᛁᛞᛁᛋᛗ,648
trustworthiness,1471337,1,ᛏᚱᚢᛋᛏᚹᚩᚱᚦᛁᚾᛖᛋᛋ,460
catecholamines,1462407,0,ᚳᚪᛏᛖᚳᚻᚩᛚᚪᛗᛁᚾᛖᛋ,700
asymptotically,1458241,1,ᚪᛋᚣᛗᛈᛏᚩᛏᛁᚳᚪᛚᛚᚣ,882
cardiopulmonary,1448711,1,ᚳᚪᚱᛞᛡᛈᚢᛚᛗᚩᚾᚪᚱᚣ,754
histologically,1447072,1,ᚻᛁᛋᛏᚩᛚᚩᚷᛁᚳᚪᛚᛚᚣ,660
transparencies,1441724,1,ᛏᚱᚪᚾᛋᛈᚪᚱᛖᚾᚳᛁᛖᛋ,660
relinquishment,1441675,1,ᚱᛖᛚᛁᚾᚳᚹᛁᛋᚻᛗᛖᚾᛏ,576
insubordination,1435948,1,ᛁᚾᛋᚢᛒᚩᚱᛞᛁᚾᚪᛏᛡᚾ,636
totalitarianism,1435554,1,ᛏᚩᛏᚪᛚᛁᛏᚪᚱᛡᚾᛁᛋᛗ,784
neighbourhoods,1434231,1,ᚾᛖᛁᚷᚻᛒᚩᚢᚱᚻᚩᚩᛞᛋ,428
excommunicated,1417019,1,ᛖᛉᚳᚩᛗᛗᚢᚾᛁᚳᚪᛏᛖᛞ,664
disadvantageous,1416851,1,ᛞᛁᛋᚪᛞᚢᚪᚾᛏᚪᚷᛇᚢᛋ,758
multiplicative,1402341,1,ᛗᚢᛚᛏᛁᛈᛚᛁᚳᚪᛏᛁᚢᛖ,654
democratically,1399709,1,ᛞᛖᛗᚩᚳᚱᚪᛏᛁᚳᚪᛚᛚᚣ,804
parliamentarians,1389192,1,ᛈᚪᚱᛚᛡᛗᛖᚾᛏᚪᚱᛡᚾᛋ,854
corticosteroid,1351990,1,ᚳᚩᚱᛏᛁᚳᚩᛋᛏᛖᚱᚩᛁᛞ,458
internalization,1338948,1,ᛁᚾᛏᛖᚱᚾᚪᛚᛁᛋᚪᛏᛡᚾ,772
misappropriation,1327412,1,ᛗᛁᛋᚪᛈᛈᚱᚩᛈᚱᛡᛏᛡᚾ,712
discontinuation,1305326,1,ᛞᛁᛋᚳᚩᚾᛏᛁᚾᚢᚪᛏᛡᚾ,636
incompleteness,1300367,1,ᛁᚾᚳᚩᛗᛈᛚᛖᛏᛖᚾᛖᛋᛋ,662
accompaniments,1297443,1,ᚪᚳᚳᚩᛗᛈᚪᚾᛁᛗᛖᚾᛏᛋ,680
unconsolidated,1294798,1,ᚢᚾᚳᚩᚾᛋᚩᛚᛁᛞᚪᛏᛖᛞ,646
authoritatively,1283091,1,ᚪᚢᚦᚩᚱᛁᛏᚪᛏᛁᚢᛖᛚᚣ,646
constructivist,1279692,1,ᚳᚩᚾᛋᛏᚱᚢᚳᛏᛁᚢᛁᛋᛏ,424
inappropriately,1275277,1,ᛁᚾᚪᛈᛈᚱᚩᛈᚱᛡᛏᛖᛚᚣ,724
americanization,1268866,0,ᚪᛗᛖᚱᛁᚳᚪᚾᛁᛋᚪᛏᛡᚾ,792
postmenopausal,1264691,1,ᛈᚩᛋᛏᛗᛖᚾᚩᛈᚪᚢᛋᚪᛚ,702
surreptitiously,1262076,1,ᛋᚢᚱᚱᛖᛈᛏᛁᛏᛡᚢᛋᛚᚣ,676
unavailability,1259349,1,ᚢᚾᚪᚢᚪᛁᛚᚪᛒᛁᛚᛁᛏᚣ,788
parasympathetic,1251606,1,ᛈᚪᚱᚪᛋᚣᛗᛈᚪᚦᛖᛏᛁᚳ,790
inefficiencies,1235707,1,ᛁᚾᛖᚠᚠᛁᚳᛁᛖᚾᚳᛁᛖᛋ,466
impoverishment,1221222,1,ᛁᛗᛈᚩᚢᛖᚱᛁᛋᚻᛗᛖᚾᛏ,566
productiveness,1205793,1,ᛈᚱᚩᛞᚢᚳᛏᛁᚢᛖᚾᛖᛋᛋ,528
crystallisation,1194587,0,ᚳᚱᚣᛋᛏᚪᛚᛚᛁᛋᚪᛏᛡᚾ,858
nanotechnology,1190470,0,ᚾᚪᚾᚩᛏᛖᚳᚻᚾᚩᛚᚩᚷᚣ,560
computationally,1188806,1,ᚳᚩᛗᛈᚢᛏᚪᛏᛡᚾᚪᛚᛚᚣ,834
noncompetitive,1178526,1,ᚾᚩᚾᚳᚩᛗᛈᛖᛏᛁᛏᛁᚢᛖ,516
embarrassments,1172601,1,ᛖᛗᛒᚪᚱᚱᚪᛋᛋᛗᛖᚾᛏᛋ,800
transfiguration,1164207,1,ᛏᚱᚪᚾᛋᚠᛁᚷᚢᚱᚪᛏᛡᚾ,605
eccentricities,1161890,1,ᛖᚳᚳᛖᚾᛏᚱᛁᚳᛁᛏᛁᛖᛋ,544
schizophrenics,1151676,1,ᛋᚳᚻᛁᛋᚩᛈᚻᚱᛖᚾᛁᚳᛋ,450
hydrocortisone,1138579,0,ᚻᚣᛞᚱᚩᚳᚩᚱᛏᛁᛋᚩᚾᛖ,510
undersecretary,1129584,1,ᚢᚾᛞᛖᚱᛋᛖᚳᚱᛖᛏᚪᚱᚣ,680
desensitization,1126580,0,ᛞᛖᛋᛖᚾᛋᛁᛏᛁᛋᚪᛏᛡᚾ,824
noncommissioned,1119007,1,ᚾᚩᚾᚳᚩᛗᛗᛁᛋᛋᛡᚾᛖᛞ,656
reconstructive,1109175,1,ᚱᛖᚳᚩᚾᛋᛏᚱᚢᚳᛏᛁᚢᛖ,426
uncontradicted,1105724,1,ᚢᚾᚳᚩᚾᛏᚱᚪᛞᛁᚳᛏᛖᛞ,596
investigational,1104032,0,ᛁᚾᚢᛖᛋᛏᛁᚷᚪᛏᛡᚾᚪᛚ,752
convertibility,1100901,1,ᚳᚩᚾᚢᛖᚱᛏᛁᛒᛁᛚᛁᛏᚣ,578
macromolecular,1084158,0,ᛗᚪᚳᚱᚩᛗᚩᛚᛖᚳᚢᛚᚪᚱ,614
methamphetamine,1082506,1,ᛗᛖᚦᚪᛗᛈᚻᛖᛏᚪᛗᛁᚾᛖ,798
desertification,1078821,1,ᛞᛖᛋᛖᚱᛏᛁᚠᛁᚳᚪᛏᛡᚾ,715
superconductor,1076090,1,ᛋᚢᛈᛖᚱᚳᚩᚾᛞᚢᚳᛏᚩᚱ,408
marginalization,1071503,1,ᛗᚪᚱᚷᛁᚾᚪᛚᛁᛋᚪᛏᛡᚾ,802
anthropomorphic,1063673,1,ᚪᚾᚦᚱᚩᛈᚩᛗᚩᚱᛈᚻᛁᚳ,398
chlorpromazine,1063088,0,ᚳᚻᛚᚩᚱᛈᚱᚩᛗᚪᛋᛁᚾᛖ,536
conductivities,1052562,1,ᚳᚩᚾᛞᚢᚳᛏᛁᚢᛁᛏᛁᛖᛋ,488
coincidentally,1034214,1,ᚳᚩᛁᚾᚳᛁᛞᛖᚾᛏᚪᛚᛚᚣ,714
interferometry,1031777,0,ᛁᚾᛏᛖᚱᚠᛖᚱᚩᛗᛖᛏᚱᚣ,595
intervertebral,1024559,0,ᛁᚾᛏᛖᚱᚢᛖᚱᛏᛖᛒᚱᚪᛚ,646
aggrandizement,1007321,1,ᚪᚷᚷᚱᚪᚾᛞᛁᛋᛖᛗᛖᚾᛏ,734
institutionally,1004397,1,ᛁᚾᛋᛏᛁᛏᚢᛏᛡᚾᚪᛚᛚᚣ,806
petrochemicals,994649,0,ᛈᛖᛏᚱᚩᚳᚻᛖᛗᛁᚳᚪᛚᛋ,628
neurophysiology,992751,0,ᚾᛖᚢᚱᚩᛈᚻᚣᛋᛡᛚᚩᚷᚣ,646
reconfiguration,990283,1,ᚱᛖᚳᚩᚾᚠᛁᚷᚢᚱᚪᛏᛡᚾ,483
cholinesterase,986609,1,ᚳᚻᚩᛚᛁᚾᛖᛋᛏᛖᚱᚪᛋᛖ,650
schleiermacher,984614,1,ᛋᚳᚻᛚᛖᛁᛖᚱᛗᚪᚳᚻᛖᚱ,620
procrastination,984146,1,ᛈᚱᚩᚳᚱᚪᛋᛏᛁᚾᚪᛏᛡᚾ,646
nitrocellulose,956717,1,ᚾᛁᛏᚱᚩᚳᛖᛚᛚᚢᛚᚩᛋᛖ,566
horticulturist,955309,1,ᚻᚩᚱᛏᛁᚳᚢᛚᛏᚢᚱᛁᛋᛏ,436
autobiographies,946574,1,ᚪᚢᛏᚩᛒᛡᚷᚱᚪᛈᚻᛁᛖᛋ,676
embellishments,940062,1,ᛖᛗᛒᛖᛚᛚᛁᛋᚻᛗᛖᚾᛏᛋ,798
apologetically,938084,1,ᚪᛈᚩᛚᚩᚷᛖᛏᛁᚳᚪᛚᛚᚣ,760
constructivism,937676,1,ᚳᚩᚾᛋᛏᚱᚢᚳᛏᛁᚢᛁᛋᛗ,436
staphylococcal,927270,1,ᛋᛏᚪᛈᚻᚣᛚᚩᚳᚩᚳᚳᚪᛚ,674
philanthropists,926464,1,ᛈᚻᛁᛚᚪᚾᚦᚱᚩᛈᛁᛋᛏᛋ,558
inflorescences,919500,1,ᛁᚾᚠᛚᚩᚱᛖᛋᚳᛖᚾᚳᛖᛋ,515
nonconformists,917107,1,ᚾᚩᚾᚳᚩᚾᚠᚩᚱᛗᛁᛋᛏᛋ,401
unmanufactured,909703,1,ᚢᚾᛗᚪᚾᚢᚠᚪᚳᛏᚢᚱᛖᛞ,573
psychotherapist,906140,1,ᛈᛋᚣᚳᚻᚩᚦᛖᚱᚪᛈᛁᛋᛏ,608
confrontational,902184,1,ᚳᚩᚾᚠᚱᚩᚾᛏᚪᛏᛡᚾᚪᛚ,619
disenchantment,899832,1,ᛞᛁᛋᛖᚾᚳᚻᚪᚾᛏᛗᛖᚾᛏ,716
lymphadenopathy,899244,0,ᛚᚣᛗᛈᚻᚪᛞᛖᚾᚩᛈᚪᚦᚣ,850
parenthetically,893988,1,ᛈᚪᚱᛖᚾᚦᛖᛏᛁᚳᚪᛚᛚᚣ,768
simplifications,890968,1,ᛋᛁᛗᛈᛚᛁᚠᛁᚳᚪᛏᛡᚾᛋ,693
anticoagulants,888699,1,ᚪᚾᛏᛁᚳᚩᚪᚷᚢᛚᚪᚾᛏᛋ,664
conservationist,882890,1,ᚳᚩᚾᛋᛖᚱᚢᚪᛏᛡᚾᛁᛋᛏ,618
slaughterhouse,879627,1,ᛋᛚᚪᚢᚷᚻᛏᛖᚱᚻᚩᚢᛋᛖ,556
gastroenteritis,867422,0,ᚷᚪᛋᛏᚱᛟᚾᛏᛖᚱᛁᛏᛁᛋ,660
interventionist,867050,1,ᛁᚾᛏᛖᚱᚢᛖᚾᛏᛡᚾᛁᛋᛏ,634
psychophysical,859362,1,ᛈᛋᚣᚳᚻᚩᛈᚻᚣᛋᛁᚳᚪᛚ,678
redetermination,858038,1,ᚱᛖᛞᛖᛏᛖᚱᛗᛁᚾᚪᛏᛡᚾ,794
exemplification,845819,1,ᛖᛉᛖᛗᛈᛚᛁᚠᛁᚳᚪᛏᛡᚾ,737
uncontrollably,844560,1,ᚢᚾᚳᚩᚾᛏᚱᚩᛚᛚᚪᛒᛚᚣ,638
antihistamines,844464,1,ᚪᚾᛏᛁᚻᛁᛋᛏᚪᛗᛁᚾᛖᛋ,730
discriminative,842931,1,ᛞᛁᛋᚳᚱᛁᛗᛁᚾᚪᛏᛁᚢᛖ,616
unacknowledged,839926,1,ᚢᚾᚪᚳᚳᚾᚩᚹᛚᛖᛞᚷᛖᛞ,612
hierarchically,834589,1,ᚻᛁᛖᚱᚪᚱᚳᚻᛁᚳᚪᛚᛚᚣ,666
stereochemistry,834445,1,ᛋᛏᛖᚱᛇᚳᚻᛖᛗᛁᛋᛏᚱᚣ,662
photochemistry,827894,1,ᛈᚻᚩᛏᚩᚳᚻᛖᛗᛁᛋᛏᚱᚣ,570
autoradiography,827268,0,ᚪᚢᛏᚩᚱᚪᛞᛡᚷᚱᚪᛈᚻᚣ,764
paleontological,823336,0,ᛈᚪᛚᛇᚾᛏᚩᛚᚩᚷᛁᚳᚪᛚ,660
cinematography,820395,1,ᚳᛁᚾᛖᛗᚪᛏᚩᚷᚱᚪᛈᚻᚣ,668
expressiveness,818024,1,ᛖᛉᛈᚱᛖᛋᛋᛁᚢᛖᚾᛖᛋᛋ,644
transliteration,807985,1,ᛏᚱᚪᚾᛋᛚᛁᛏᛖᚱᚪᛏᛡᚾ,782
impressionistic,803845,1,ᛁᛗᛈᚱᛖᛋᛋᛡᚾᛁᛋᛏᛁᚳ,652
computerization,787740,0,ᚳᚩᛗᛈᚢᛏᛖᚱᛁᛋᚪᛏᛡᚾ,650
phenolphthalein,783923,0,ᛈᚻᛖᚾᚩᛚᛈᚻᚦᚪᛚᛖᛁᚾ,610
traditionalists,776676,1,ᛏᚱᚪᛞᛁᛏᛡᚾᚪᛚᛁᛋᛏᛋ,848
schistosomiasis,776374,0,ᛋᚳᚻᛁᛋᛏᚩᛋᚩᛗᛡᛋᛁᛋ,614
wollstonecraft,765321,0,ᚹᚩᛚᛚᛋᛏᚩᚾᛖᚳᚱᚪᚠᛏ,569
pyelonephritis,758258,0,ᛈᚣᛖᛚᚩᚾᛖᛈᚻᚱᛁᛏᛁᛋ,640
autoantibodies,754483,0,ᚪᚢᛏᚩᚪᚾᛏᛁᛒᚩᛞᛁᛖᛋ,690
anticoagulation,752942,1,ᚪᚾᛏᛁᚳᚩᚪᚷᚢᛚᚪᛏᛡᚾ,718
nonprofessional,752792,1,ᚾᚩᚾᛈᚱᚩᚠᛖᛋᛋᛡᚾᚪᛚ,607
hypersensitive,752377,1,ᚻᚣᛈᛖᚱᛋᛖᚾᛋᛁᛏᛁᚢᛖ,640
overemphasized,742798,1,ᚩᚢᛖᚱᛖᛗᛈᚻᚪᛋᛁᛋᛖᛞ,682
therapeutically,742667,1,ᚦᛖᚱᚪᛈᛖᚢᛏᛁᚳᚪᛚᛚᚣ,742
adrenocortical,740701,0,ᚪᛞᚱᛖᚾᚩᚳᚩᚱᛏᛁᚳᚪᛚ,604
redistributive,739162,1,ᚱᛖᛞᛁᛋᛏᚱᛁᛒᚢᛏᛁᚢᛖ,576
spectrographic,736882,0,ᛋᛈᛖᚳᛏᚱᚩᚷᚱᚪᛈᚻᛁᚳ,488
complementation,736175,1,ᚳᚩᛗᛈᛚᛖᛗᛖᚾᛏᚪᛏᛡᚾ,792
counterfactual,734790,1,ᚳᚩᚢᚾᛏᛖᚱᚠᚪᚳᛏᚢᚪᛚ,533
uncontaminated,732274,1,ᚢᚾᚳᚩᚾᛏᚪᛗᛁᚾᚪᛏᛖᛞ,680
unexceptionable,730044,1,ᚢᚾᛖᛉᚳᛖᛈᛏᛡᚾᚪᛒᛚᛖ,762
objectification,726522,1,ᚩᛒᛂᛖᚳᛏᛁᚠᛁᚳᚪᛏᛡᚾ,613
christological,723619,0,ᚳᚻᚱᛁᛋᛏᚩᛚᚩᚷᛁᚳᚪᛚ,508
generalisations,720716,1,ᚷᛖᚾᛖᚱᚪᛚᛁᛋᚪᛏᛡᚾᛋ,790
underestimation,719906,1,ᚢᚾᛞᛖᚱᛖᛋᛏᛁᛗᚪᛏᛡᚾ,772
unsubstantiated,719243,1,ᚢᚾᛋᚢᛒᛋᛏᚪᚾᛏᛡᛏᛖᛞ,768
anticonvulsant,713351,1,ᚪᚾᛏᛁᚳᚩᚾᚢᚢᛚᛋᚪᚾᛏ,582
supersaturation,712682,1,ᛋᚢᛈᛖᚱᛋᚪᛏᚢᚱᚪᛏᛡᚾ,692
particularized,709547,1,ᛈᚪᚱᛏᛁᚳᚢᛚᚪᚱᛁᛋᛖᛞ,678
countercurrent,708254,1,ᚳᚩᚢᚾᛏᛖᚱᚳᚢᚱᚱᛖᚾᛏ,382
underestimates,706486,1,ᚢᚾᛞᛖᚱᛖᛋᛏᛁᛗᚪᛏᛖᛋ,756
ophthalmologist,705094,0,ᚩᛈᚻᚦᚪᛚᛗᚩᛚᚩᚷᛁᛋᛏ,566
unrecognizable,704892,1,ᚢᚾᚱᛖᚳᚩᚷᚾᛁᛋᚪᛒᛚᛖ,558
unceremoniously,699475,1,ᚢᚾᚳᛖᚱᛖᛗᚩᚾᛡᚢᛋᛚᚣ,636
humanitarianism,698201,1,ᚻᚢᛗᚪᚾᛁᛏᚪᚱᛡᚾᛁᛋᛗ,712
parenchymatous,697700,1,ᛈᚪᚱᛖᚾᚳᚻᚣᛗᚪᛏᚩᚢᛋ,676
oversimplified,690853,1,ᚩᚢᛖᚱᛋᛁᛗᛈᛚᛁᚠᛁᛖᛞ,579
functionalities,690574,1,ᚠᚢᚾᚳᛏᛡᚾᚪᛚᛁᛏᛁᛖᛋ,653
acclimatization,685198,0,ᚪᚳᚳᛚᛁᛗᚪᛏᛁᛋᚪᛏᛡᚾ,830
photosensitive,679620,1,ᛈᚻᚩᛏᚩᛋᛖᚾᛋᛁᛏᛁᚢᛖ,532
psychoanalysts,678920,1,ᛈᛋᚣᚳᚻᚩᚪᚾᚪᛚᚣᛋᛏᛋ,806
unrighteousness,678238,1,ᚢᚾᚱᛁᚷᚻᛏᛇᚢᛋᚾᛖᛋᛋ,472
phosphorescent,674767,1,ᛈᚻᚩᛋᛈᚻᚩᚱᛖᛋᚳᛖᚾᛏ,498
terminological,673913,0,ᛏᛖᚱᛗᛁᚾᚩᛚᚩᚷᛁᚳᚪᛚ,586
dehydrogenation,672345,0,ᛞᛖᚻᚣᛞᚱᚩᚷᛖᚾᚪᛏᛡᚾ,794
corticosterone,668384,0,ᚳᚩᚱᛏᛁᚳᚩᛋᛏᛖᚱᚩᚾᛖ,434
mephistopheles,665214,1,ᛗᛖᛈᚻᛁᛋᛏᚩᛈᚻᛖᛚᛖᛋ,680
professorships,665060,1,ᛈᚱᚩᚠᛖᛋᛋᚩᚱᛋᚻᛁᛈᛋ,457
classificatory,662516,1,ᚳᛚᚪᛋᛋᛁᚠᛁᚳᚪᛏᚩᚱᚣ,643
multiprocessor,661175,1,ᛗᚢᛚᛏᛁᛈᚱᚩᚳᛖᛋᛋᚩᚱ,502
supersaturated,660024,1,ᛋᚢᛈᛖᚱᛋᚪᛏᚢᚱᚪᛏᛖᛞ,712
conclusiveness,658177,1,ᚳᚩᚾᚳᛚᚢᛋᛁᚢᛖᚾᛖᛋᛋ,494
verisimilitude,658145,1,ᚢᛖᚱᛁᛋᛁᛗᛁᛚᛁᛏᚢᛞᛖ,620
personalization,657650,1,ᛈᛖᚱᛋᚩᚾᚪᛚᛁᛋᚪᛏᛡᚾ,756
predispositions,655936,1,ᛈᚱᛖᛞᛁᛋᛈᚩᛋᛁᛏᛡᚾᛋ,676
tablespoonfuls,649330,1,ᛏᚪᛒᛚᛖᛋᛈᚩᚩᚾᚠᚢᛚᛋ,627
diplomatically,635113,1,ᛞᛁᛈᛚᚩᛗᚪᛏᛁᚳᚪᛚᛚᚣ,860
concentrically,628755,0,ᚳᚩᚾᚳᛖᚾᛏᚱᛁᚳᚪᛚᛚᚣ,618
dispassionately,628537,1,ᛞᛁᛋᛈᚪᛋᛋᛡᚾᚪᛏᛖᛚᚣ,954
democratisation,627515,0,ᛞᛖᛗᚩᚳᚱᚪᛏᛁᛋᚪᛏᛡᚾ,790
differentiations,623674,1,ᛞᛁᚠᚠᛖᚱᛖᚾᛏᛡᛏᛡᚾᛋ,712
undernourished,613579,1,ᚢᚾᛞᛖᚱᚾᚩᚢᚱᛁᛋᚻᛖᛞ,512
weightlessness,605949,1,ᚹᛖᛁᚷᚻᛏᛚᛖᛋᛋᚾᛖᛋᛋ,664
destabilization,605682,0,ᛞᛖᛋᛏᚪᛒᛁᛚᛁᛋᚪᛏᛡᚾ,906
presbyterianism,596934,0,ᛈᚱᛖᛋᛒᚣᛏᛖᚱᛡᚾᛁᛋᛗ,766
decarboxylation,593628,0,ᛞᛖᚳᚪᚱᛒᚩᛉᚣᛚᚪᛏᛡᚾ,860
optimistically,585198,1,ᚩᛈᛏᛁᛗᛁᛋᛏᛁᚳᚪᛚᛚᚣ,744
counterculture,574430,1,ᚳᚩᚢᚾᛏᛖᚱᚳᚢᛚᛏᚢᚱᛖ,418
unobjectionable,570821,1,ᚢᚾᚩᛒᛂᛖᚳᛏᛡᚾᚪᛒᛚᛖ,710
unapproachable,569481,1,ᚢᚾᚪᛈᛈᚱᚩᚪᚳᚻᚪᛒᛚᛖ,664
trypanosomiasis,569234,0,ᛏᚱᚣᛈᚪᚾᚩᛋᚩᛗᛡᛋᛁᛋ,724
inconsistently,568508,1,ᛁᚾᚳᚩᚾᛋᛁᛋᛏᛖᚾᛏᛚᚣ,636
irreproachable,561799,1,ᛁᚱᚱᛖᛈᚱᚩᚪᚳᚻᚪᛒᛚᛖ,612
intussusception,561213,0,ᛁᚾᛏᚢᛋᛋᚢᛋᚳᛖᛈᛏᛡᚾ,602
criminological,554739,0,ᚳᚱᛁᛗᛁᚾᚩᛚᚩᚷᛁᚳᚪᛚ,504
practicalities,552413,1,ᛈᚱᚪᚳᛏᛁᚳᚪᛚᛁᛏᛁᛖᛋ,678
nonsignificant,551515,0,ᚾᚩᚾᛋᛁᚷᚾᛁᚠᛁᚳᚪᚾᛏ,457
anesthesiologist,550296,0,ᚪᚾᛖᛋᚦᛖᛋᛡᛚᚩᚷᛁᛋᛏ,718
agriculturally,550090,0,ᚪᚷᚱᛁᚳᚢᛚᛏᚢᚱᚪᛚᛚᚣ,664
accelerometers,547454,0,ᚪᚳᚳᛖᛚᛖᚱᚩᛗᛖᛏᛖᚱᛋ,676
inconvenienced,538994,1,ᛁᚾᚳᚩᚾᚢᛖᚾᛁᛖᚾᚳᛖᛞ,504
superabundance,531942,1,ᛋᚢᛈᛖᚱᚪᛒᚢᚾᛞᚪᚾᚳᛖ,662
persuasiveness,529720,1,ᛈᛖᚱᛋᚢᚪᛋᛁᚢᛖᚾᛖᛋᛋ,630
multiplications,528130,1,ᛗᚢᛚᛏᛁᛈᛚᛁᚳᚪᛏᛡᚾᛋ,742
hydronephrosis,527961,0,ᚻᚣᛞᚱᚩᚾᛖᛈᚻᚱᚩᛋᛁᛋ,550
configurational,525802,0,ᚳᚩᚾᚠᛁᚷᚢᚱᚪᛏᛡᚾᚪᛚ,575
micronutrients,524298,0,ᛗᛁᚳᚱᚩᚾᚢᛏᚱᛁᛖᚾᛏᛋ,474
gastroesophageal,520450,0,ᚷᚪᛋᛏᚱᛟᛋᚩᛈᚻᚪᚷᛠᛚ,742
misappropriated,519995,1,ᛗᛁᛋᚪᛈᛈᚱᚩᛈᚱᛡᛏᛖᛞ,732
counterbalancing,518421,1,ᚳᚩᚢᚾᛏᛖᚱᛒᚪᛚᚪᚾᚳᛝ,638
superimposition,516511,1,ᛋᚢᛈᛖᚱᛁᛗᛈᚩᛋᛁᛏᛡᚾ,608
rationalizations,511841,1,ᚱᚪᛏᛡᚾᚪᛚᛁᛋᚪᛏᛡᚾᛋ,902
paleontologists,510805,0,ᛈᚪᛚᛇᚾᛏᚩᛚᚩᚷᛁᛋᛏᛋ,642
claustrophobic,509105,0,ᚳᛚᚪᚢᛋᛏᚱᚩᛈᚻᚩᛒᛁᚳ,494
sentimentalism,508404,1,ᛋᛖᚾᛏᛁᛗᛖᚾᛏᚪᛚᛁᛋᛗ,790
parapsychology,508283,0,ᛈᚪᚱᚪᛈᛋᚣᚳᚻᚩᛚᚩᚷᚣ,690
permissiveness,507017,1,ᛈᛖᚱᛗᛁᛋᛋᛁᚢᛖᚾᛖᛋᛋ,632
conservatories,498480,0,ᚳᚩᚾᛋᛖᚱᚢᚪᛏᚩᚱᛁᛖᛋ,508
retinoblastoma,497241,0,ᚱᛖᛏᛁᚾᚩᛒᛚᚪᛋᛏᚩᛗᚪ,722
vindictiveness,490228,1,ᚢᛁᚾᛞᛁᚳᛏᛁᚢᛖᚾᛖᛋᛋ,558
immunogenicity,488805,0,ᛁᛗᛗᚢᚾᚩᚷᛖᚾᛁᚳᛁᛏᚣ,562
systematization,485877,1,ᛋᚣᛋᛏᛖᛗᚪᛏᛁᛋᚪᛏᛡᚾ,938
indefiniteness,480862,1,ᛁᚾᛞᛖᚠᛁᚾᛁᛏᛖᚾᛖᛋᛋ,637
nonperformance,479337,1,ᚾᚩᚾᛈᛖᚱᚠᚩᚱᛗᚪᚾᚳᛖ,483
unrealistically,475430,1,ᚢᚾᚱᛠᛚᛁᛋᛏᛁᚳᚪᛚᛚᚣ,758
microelectronic,473387,0,ᛗᛁᚳᚱᛟᛚᛖᚳᛏᚱᚩᚾᛁᚳ,512
thoughtlessness,468183,1,ᚦᚩᚢᚷᚻᛏᛚᛖᛋᛋᚾᛖᛋᛋ,562
gerontological,465114,0,ᚷᛖᚱᚩᚾᛏᚩᛚᚩᚷᛁᚳᚪᛚ,508
uncontroverted,464495,1,ᚢᚾᚳᚩᚾᛏᚱᚩᚢᛖᚱᛏᛖᛞ,454
dermatological,463534,0,ᛞᛖᚱᛗᚪᛏᚩᛚᚩᚷᛁᚳᚪᛚ,712
supercomputers,458530,1,ᛋᚢᛈᛖᚱᚳᚩᛗᛈᚢᛏᛖᚱᛋ,504
transistorized,457757,0,ᛏᚱᚪᚾᛋᛁᛋᛏᚩᚱᛁᛋᛖᛞ,650
perpendiculars,454554,0,ᛈᛖᚱᛈᛖᚾᛞᛁᚳᚢᛚᚪᚱᛋ,630
heterozygosity,451009,0,ᚻᛖᛏᛖᚱᚩᛋᚣᚷᚩᛋᛁᛏᚣ,660
czechoslovakian,450129,0,ᚳᛋᛖᚳᚻᚩᛋᛚᚩᚢᚪᚳᛡᚾ,558
dichloromethane,450038,0,ᛞᛁᚳᚻᛚᚩᚱᚩᛗᛖᚦᚪᚾᛖ,590
criminologists,449955,0,ᚳᚱᛁᛗᛁᚾᚩᛚᚩᚷᛁᛋᛏᛋ,486
conventionality,449933,1,ᚳᚩᚾᚢᛖᚾᛏᛡᚾᚪᛚᛁᛏᚣ,706
granddaughters,449482,1,ᚷᚱᚪᚾᛞᛞᚪᚢᚷᚻᛏᛖᚱᛋ,662
metaphysically,448124,1,ᛗᛖᛏᚪᛈᚻᚣᛋᛁᚳᚪᛚᛚᚣ,906
sympathomimetic,447322,0,ᛋᚣᛗᛈᚪᚦᚩᛗᛁᛗᛖᛏᛁᚳ,722
methylphenidate,438913,0,ᛗᛖᚦᚣᛚᛈᚻᛖᚾᛁᛞᚪᛏᛖ,824
insurrectionary,438619,0,ᛁᚾᛋᚢᚱᚱᛖᚳᛏᛡᚾᚪᚱᚣ,624
thermoregulation,437153,0,ᚦᛖᚱᛗᚩᚱᛖᚷᚢᛚᚪᛏᛡᚾ,624
psycholinguistic,436974,0,ᛈᛋᚣᚳᚻᚩᛚᛝᚢᛁᛋᛏᛁᚳ,584
encouragements,436398,0,ᛖᚾᚳᚩᚢᚱᚪᚷᛖᛗᛖᚾᛏᛋ,590
concessionaires,435921,0,ᚳᚩᚾᚳᛖᛋᛋᛡᚾᚪᛁᚱᛖᛋ,630
etymologically,435722,0,ᛖᛏᚣᛗᚩᛚᚩᚷᛁᚳᚪᛚᛚᚣ,794
universalistic,433603,0,ᚢᚾᛁᚢᛖᚱᛋᚪᛚᛁᛋᛏᛁᚳ,554
teleconferencing,430129,0,ᛏᛖᛚᛖᚳᚩᚾᚠᛖᚱᛖᚾᚳᛝ,583
constitutively,427572,0,ᚳᚩᚾᛋᛏᛁᛏᚢᛏᛁᚢᛖᛚᚣ,590
suggestiveness,423905,0,ᛋᚢᚷᚷᛖᛋᛏᛁᚢᛖᚾᛖᛋᛋ,572
multiplicities,421421,0,ᛗᚢᛚᛏᛁᛈᛚᛁᚳᛁᛏᛁᛖᛋ,638
asymmetrically,417555,0,ᚪᛋᚣᛗᛗᛖᛏᚱᛁᚳᚪᛚᛚᚣ,922
hallucinogenic,413440,0,ᚻᚪᛚᛚᚢᚳᛁᚾᚩᚷᛖᚾᛁᚳ,506
quartermasters,411411,0,ᚳᚹᚪᚱᛏᛖᚱᛗᚪᛋᛏᛖᚱᛋ,688
constructionist,410630,0,ᚳᚩᚾᛋᛏᚱᚢᚳᛏᛡᚾᛁᛋᛏ,526
incommensurate,405691,0,ᛁᚾᚳᚩᛗᛗᛖᚾᛋᚢᚱᚪᛏᛖ,608
inconveniently,404024,0,ᛁᚾᚳᚩᚾᚢᛖᚾᛁᛖᚾᛏᛚᚣ,570
pentecostalism,401866,0,ᛈᛖᚾᛏᛖᚳᚩᛋᛏᚪᛚᛁᛋᛗ,722
arrondissement,401732,0,ᚪᚱᚱᚩᚾᛞᛁᛋᛋᛖᛗᛖᚾᛏ,674
counterexample,401431,1,ᚳᚩᚢᚾᛏᛖᚱᛖᛉᚪᛗᛈᛚᛖ,654
criminalization,401368,0,ᚳᚱᛁᛗᛁᚾᚪᛚᛁᛋᚪᛏᛡᚾ,732
demagnetization,399761,0,ᛞᛖᛗᚪᚷᚾᛖᛏᛁᛋᚪᛏᛡᚾ,872
immunochemical,399131,0,ᛁᛗᛗᚢᚾᚩᚳᚻᛖᛗᛁᚳᚪᛚ,600
individualists,398546,0,ᛁᚾᛞᛁᚢᛁᛞᚢᚪᛚᛁᛋᛏᛋ,672
suggestibility,396401,0,ᛋᚢᚷᚷᛖᛋᛏᛁᛒᛁᛚᛁᛏᚣ,658
uncontroversial,395860,0,ᚢᚾᚳᚩᚾᛏᚱᚩᚢᛖᚱᛋᛡᛚ,472
epidemiologists,395798,0,ᛖᛈᛁᛞᛖᛗᛡᛚᚩᚷᛁᛋᛏᛋ,768
nonprescription,395793,0,ᚾᚩᚾᛈᚱᛖᛋᚳᚱᛁᛈᛏᛡᚾ,532
anthropocentric,393478,0,ᚪᚾᚦᚱᚩᛈᚩᚳᛖᚾᛏᚱᛁᚳ,422
parthenogenesis,392767,0,ᛈᚪᚱᚦᛖᚾᚩᚷᛖᚾᛖᛋᛁᛋ,576
availabilities,392580,0,ᚪᚢᚪᛁᛚᚪᛒᛁᛚᛁᛏᛁᛖᛋ,804
hypophysectomy,392269,0,ᚻᚣᛈᚩᛈᚻᚣᛋᛖᚳᛏᚩᛗᚣ,718
individualised,385475,0,ᛁᚾᛞᛁᚢᛁᛞᚢᚪᛚᛁᛋᛖᛞ,716
aggrandisement,385250,0,ᚪᚷᚷᚱᚪᚾᛞᛁᛋᛖᛗᛖᚾᛏ,734
omnidirectional,383928,0,ᚩᛗᚾᛁᛞᛁᚱᛖᚳᛏᛡᚾᚪᛚ,714
electromagnets,383490,0,ᛖᛚᛖᚳᛏᚱᚩᛗᚪᚷᚾᛖᛏᛋ,690
synchronisation,380546,0,ᛋᚣᚾᚳᚻᚱᚩᚾᛁᛋᚪᛏᛡᚾ,644
impressiveness,375138,0,ᛁᛗᛈᚱᛖᛋᛋᛁᚢᛖᚾᛖᛋᛋ,632
maladjustments,372622,0,ᛗᚪᛚᚪᛞᛂᚢᛋᛏᛗᛖᚾᛏᛋ,858
vascularization,372141,0,ᚢᚪᛋᚳᚢᛚᚪᚱᛁᛋᚪᛏᛡᚾ,726
submissiveness,371872,0,ᛋᚢᛒᛗᛁᛋᛋᛁᚢᛖᚾᛖᛋᛋ,628
instrumentally,368858,0,ᛁᚾᛋᛏᚱᚢᛗᛖᚾᛏᚪᛚᛚᚣ,758
incomprehension,368117,0,ᛁᚾᚳᚩᛗᛈᚱᛖᚻᛖᚾᛋᛡᚾ,580
hypodermically,368097,0,ᚻᚣᛈᚩᛞᛖᚱᛗᛁᚳᚪᛚᛚᚣ,804
nonparticipating,366698,0,ᚾᚩᚾᛈᚪᚱᛏᛁᚳᛁᛈᚪᛏᛝ,628
chancellorship,366429,0,ᚳᚻᚪᚾᚳᛖᛚᛚᚩᚱᛋᚻᛁᛈ,556
bacteriologists,362848,0,ᛒᚪᚳᛏᛖᚱᛡᛚᚩᚷᛁᛋᛏᛋ,708
diverticulitis,360944,0,ᛞᛁᚢᛖᚱᛏᛁᚳᚢᛚᛁᛏᛁᛋ,554
nitroglycerine,353495,0,ᚾᛁᛏᚱᚩᚷᛚᚣᚳᛖᚱᛁᚾᛖ,548
bronchodilator,353292,0,ᛒᚱᚩᚾᚳᚻᚩᛞᛁᛚᚪᛏᚩᚱ,518
reconnoissance,352807,0,ᚱᛖᚳᚩᚾᚾᚩᛁᛋᛋᚪᚾᚳᛖ,506
schoolmistress,352732,0,ᛋᚳᚻᚩᚩᛚᛗᛁᛋᛏᚱᛖᛋᛋ,574
uncorroborated,352127,0,ᚢᚾᚳᚩᚱᚱᚩᛒᚩᚱᚪᛏᛖᛞ,472
phytochemistry,350145,0,ᛈᚻᚣᛏᚩᚳᚻᛖᛗᛁᛋᛏᚱᚣ,666
chemoreceptors,349567,0,ᚳᚻᛖᛗᚩᚱᛖᚳᛖᛈᛏᚩᚱᛋ,512
apprehensively,349319,0,ᚪᛈᛈᚱᛖᚻᛖᚾᛋᛁᚢᛖᛚᚣ,710
interconversion,345758,0,ᛁᚾᛏᛖᚱᚳᚩᚾᚢᛖᚱᛋᛡᚾ,516
refractoriness,342792,0,ᚱᛖᚠᚱᚪᚳᛏᚩᚱᛁᚾᛖᛋᛋ,511
uncompromisingly,342783,0,ᚢᚾᚳᚩᛗᛈᚱᚩᛗᛁᛋᛝᛚᚣ,594
improvisational,341088,0,ᛁᛗᛈᚱᚩᚢᛁᛋᚪᛏᛡᚾᚪᛚ,712
noncombustible,337779,0,ᚾᚩᚾᚳᚩᛗᛒᚢᛋᛏᛁᛒᛚᛖ,564
neuropsychiatry,337182,0,ᚾᛖᚢᚱᚩᛈᛋᚣᚳᚻᛡᛏᚱᚣ,632
compassionately,332525,0,ᚳᚩᛗᛈᚪᛋᛋᛡᚾᚪᛏᛖᛚᚣ,872
innovativeness,330910,0,ᛁᚾᚾᚩᚢᚪᛏᛁᚢᛖᚾᛖᛋᛋ,558
misconstruction,330431,0,ᛗᛁᛋᚳᚩᚾᛋᛏᚱᚢᚳᛏᛡᚾ,538
suburbanization,329402,0,ᛋᚢᛒᚢᚱᛒᚪᚾᛁᛋᚪᛏᛡᚾ,694
electrodynamic,328520,0,ᛖᛚᛖᚳᛏᚱᚩᛞᚣᚾᚪᛗᛁᚳ,730
permissibility,328230,0,ᛈᛖᚱᛗᛁᛋᛋᛁᛒᛁᛚᛁᛏᚣ,718
glossopharyngeal,325412,0,ᚷᛚᚩᛋᛋᚩᛈᚻᚪᚱᚣᛝᛠᛚ,748
archiepiscopal,325055,0,ᚪᚱᚳᚻᛁᛖᛈᛁᛋᚳᚩᛈᚪᛚ,602
jurisprudential,323469,0,ᛂᚢᚱᛁᛋᛈᚱᚢᛞᛖᚾᛏᛡᛚ,616
ferromagnetism,322467,0,ᚠᛖᚱᚱᚩᛗᚪᚷᚾᛖᛏᛁᛋᛗ,593
bioluminescence,321398,0,ᛒᛡᛚᚢᛗᛁᚾᛖᛋᚳᛖᚾᚳᛖ,684
unremunerative,320689,0,ᚢᚾᚱᛖᛗᚢᚾᛖᚱᚪᛏᛁᚢᛖ,548
perfectibility,320061,0,ᛈᛖᚱᚠᛖᚳᛏᛁᛒᛁᛚᛁᛏᚣ,651
overconfidence,319717,0,ᚩᚢᛖᚱᚳᚩᚾᚠᛁᛞᛖᚾᚳᛖ,435
demonstratives,317819,0,ᛞᛖᛗᚩᚾᛋᛏᚱᚪᛏᛁᚢᛖᛋ,696
nonintervention,315419,0,ᚾᚩᚾᛁᚾᛏᛖᚱᚢᛖᚾᛏᛡᚾ,556
voluptuousness,314288,0,ᚢᚩᛚᚢᛈᛏᚢᚩᚢᛋᚾᛖᛋᛋ,456
undesirability,314064,0,ᚢᚾᛞᛖᛋᛁᚱᚪᛒᛁᛚᛁᛏᚣ,738
electrostatics,314049,0,ᛖᛚᛖᚳᛏᚱᚩᛋᛏᚪᛏᛁᚳᛋ,662
unpremeditated,312831,0,ᚢᚾᛈᚱᛖᛗᛖᛞᛁᛏᚪᛏᛖᛞ,782
prognostication,312776,0,ᛈᚱᚩᚷᚾᚩᛋᛏᛁᚳᚪᛏᛡᚾ,562
teletypewriter,311001,0,ᛏᛖᛚᛖᛏᚣᛈᛖᚹᚱᛁᛏᛖᚱ,736
uncertificated,308804,0,ᚢᚾᚳᛖᚱᛏᛁᚠᛁᚳᚪᛏᛖᛞ,571
dinoflagellate,308488,0,ᛞᛁᚾᚩᚠᛚᚪᚷᛖᛚᛚᚪᛏᛖ,781
indivisibility,307995,0,ᛁᚾᛞᛁᚢᛁᛋᛁᛒᛁᛚᛁᛏᚣ,656
superincumbent,307689,0,ᛋᚢᛈᛖᚱᛁᚾᚳᚢᛗᛒᛖᚾᛏ,540
neurologically,306773,0,ᚾᛖᚢᚱᚩᛚᚩᚷᛁᚳᚪᛚᛚᚣ,604
hypochondriasis,304762,0,ᚻᚣᛈᚩᚳᚻᚩᚾᛞᚱᛡᛋᛁᛋ,592
indeterminable,304128,0,ᛁᚾᛞᛖᛏᛖᚱᛗᛁᚾᚪᛒᛚᛖ,782
supernaturally,302475,0,ᛋᚢᛈᛖᚱᚾᚪᛏᚢᚱᚪᛚᛚᚣ,722
overdetermined,301953,0,ᚩᚢᛖᚱᛞᛖᛏᛖᚱᛗᛁᚾᛖᛞ,668
parthenogenetic,301854,0,ᛈᚪᚱᚦᛖᚾᚩᚷᛖᚾᛖᛏᛁᚳ,542
psychodynamics,297428,0,ᛈᛋᚣᚳᚻᚩᛞᚣᚾᚪᛗᛁᚳᛋ,728
phonologically,297229,0,ᛈᚻᚩᚾᚩᛚᚩᚷᛁᚳᚪᛚᛚᚣ,596
christianization,296620,0,ᚳᚻᚱᛁᛋᛏᛡᚾᛁᛋᚪᛏᛡᚾ,702
categorizations,295667,0,ᚳᚪᛏᛖᚷᚩᚱᛁᛋᚪᛏᛡᚾᛋ,700
logarithmically,294797,0,ᛚᚩᚷᚪᚱᛁᚦᛗᛁᚳᚪᛚᛚᚣ,702
glyceraldehyde,294012,0,ᚷᛚᚣᚳᛖᚱᚪᛚᛞᛖᚻᚣᛞᛖ,892
possessiveness,291369,0,ᛈᚩᛋᛋᛖᛋᛋᛁᚢᛖᚾᛖᛋᛋ,632
lexicographers,290336,0,ᛚᛖᛉᛁᚳᚩᚷᚱᚪᛈᚻᛖᚱᛋ,560
conquistadores,287820,0,ᚳᚩᚾᚳᚹᛁᛋᛏᚪᛞᚩᚱᛖᛋ,548
transplantable,286907,0,ᛏᚱᚪᚾᛋᛈᛚᚪᚾᛏᚪᛒᛚᛖ,848
parallelograms,285956,0,ᛈᚪᚱᚪᛚᛚᛖᛚᚩᚷᚱᚪᛗᛋ,790
historiographer,285610,0,ᚻᛁᛋᛏᚩᚱᛡᚷᚱᚪᛈᚻᛖᚱ,560
pseudoephedrine,284563,0,ᛈᛋᛖᚢᛞᛟᛈᚻᛖᛞᚱᛁᚾᛖ,698
disorganisation,283758,0,ᛞᛁᛋᚩᚱᚷᚪᚾᛁᛋᚪᛏᛡᚾ,710
thermodynamical,283626,0,ᚦᛖᚱᛗᚩᛞᚣᚾᚪᛗᛁᚳᚪᛚ,764
externalization,282833,0,ᛖᛉᛏᛖᚱᚾᚪᛚᛁᛋᚪᛏᛡᚾ,826
circumferences,279999,1,ᚳᛁᚱᚳᚢᛗᚠᛖᚱᛖᚾᚳᛖᛋ,451
indecipherable,279727,1,ᛁᚾᛞᛖᚳᛁᛈᚻᛖᚱᚪᛒᛚᛖ,702
spiritualistic,278801,0,ᛋᛈᛁᚱᛁᛏᚢᚪᛚᛁᛋᛏᛁᚳ,588
monocotyledons,278382,0,ᛗᚩᚾᚩᚳᚩᛏᚣᛚᛖᛞᚩᚾᛋ,614
consciousnesses,277204,1,ᚳᚩᚾᛋᚳᛡᚢᛋᚾᛖᛋᛋᛖᛋ,600
physiotherapists,277048,0,ᛈᚻᚣᛋᛡᚦᛖᚱᚪᛈᛁᛋᛏᛋ,748
hermaphrodites,274056,0,ᚻᛖᚱᛗᚪᛈᚻᚱᚩᛞᛁᛏᛖᛋ,652
psychoneurotic,273541,0,ᛈᛋᚣᚳᚻᚩᚾᛖᚢᚱᚩᛏᛁᚳ,462
sentimentalist,273244,0,ᛋᛖᚾᛏᛁᛗᛖᚾᛏᚪᛚᛁᛋᛏ,778
discountenance,272755,0,ᛞᛁᛋᚳᚩᚢᚾᛏᛖᚾᚪᚾᚳᛖ,586
circumscription,271938,0,ᚳᛁᚱᚳᚢᛗᛋᚳᚱᛁᛈᛏᛡᚾ,488
interventionism,270956,0,ᛁᚾᛏᛖᚱᚢᛖᚾᛏᛡᚾᛁᛋᛗ,646
dicotyledonous,270432,0,ᛞᛁᚳᚩᛏᚣᛚᛖᛞᚩᚾᚩᚢᛋ,630
counterattacks,269283,0,ᚳᚩᚢᚾᛏᛖᚱᚪᛏᛏᚪᚳᚳᛋ,580
miscalculations,268878,0,ᛗᛁᛋᚳᚪᛚᚳᚢᛚᚪᛏᛡᚾᛋ,772
untranslatable,268301,0,ᚢᚾᛏᚱᚪᚾᛋᛚᚪᛏᚪᛒᛚᛖ,808
incommunicable,265655,0,ᛁᚾᚳᚩᛗᛗᚢᚾᛁᚳᚪᛒᛚᛖ,596
kindergartners,260289,0,ᚳᛁᚾᛞᛖᚱᚷᚪᚱᛏᚾᛖᚱᛋ,584
dermatologists,260085,0,ᛞᛖᚱᛗᚪᛏᚩᛚᚩᚷᛁᛋᛏᛋ,694
psychotherapies,257970,0,ᛈᛋᚣᚳᚻᚩᚦᛖᚱᚪᛈᛁᛖᛋ,616
antidemocratic,257932,0,ᚪᚾᛏᛁᛞᛖᛗᚩᚳᚱᚪᛏᛁᚳ,674
teleconference,257776,0,ᛏᛖᛚᛖᚳᚩᚾᚠᛖᚱᛖᚾᚳᛖ,571
extraordinaire,257640,0,ᛖᛉᛏᚱᚪᚩᚱᛞᛁᚾᚪᛁᚱᛖ,654
preponderantly,256070,0,ᛈᚱᛖᛈᚩᚾᛞᛖᚱᚪᚾᛏᛚᚣ,728
educationalists,254378,0,ᛖᛞᚢᚳᚪᛏᛡᚾᚪᛚᛁᛋᛏᛋ,830
prohibitionists,253988,0,ᛈᚱᚩᚻᛁᛒᛁᛏᛡᚾᛁᛋᛏᛋ,598
submicroscopic,253540,0,ᛋᚢᛒᛗᛁᚳᚱᚩᛋᚳᚩᛈᛁᚳ,410
hypochondriacal,253134,0,ᚻᚣᛈᚩᚳᚻᚩᚾᛞᚱᛡᚳᚪᛚ,638
hospitalisation,253075,0,ᚻᚩᛋᛈᛁᛏᚪᛚᛁᛋᚪᛏᛡᚾ,762
decontaminated,251252,0,ᛞᛖᚳᚩᚾᛏᚪᛗᛁᚾᚪᛏᛖᛞ,804
megakaryocytes,251154,0,ᛗᛖᚷᚪᚳᚪᚱᚣᚩᚳᚣᛏᛖᛋ,778
counterweights,250824,0,ᚳᚩᚢᚾᛏᛖᚱᚹᛖᛁᚷᚻᛏᛋ,458
absentmindedly,250599,0,ᚪᛒᛋᛖᚾᛏᛗᛁᚾᛞᛖᛞᛚᚣ,918
asynchronously,250454,0,ᚪᛋᚣᚾᚳᚻᚱᚩᚾᚩᚢᛋᛚᚣ,604
counterfeiters,250337,0,ᚳᚩᚢᚾᛏᛖᚱᚠᛖᛁᛏᛖᚱᛋ,479
inextinguishable,250097,0,ᛁᚾᛖᛉᛏᛝᚢᛁᛋᚻᚪᛒᛚᛖ,720
thermochemistry,248265,0,ᚦᛖᚱᛗᚩᚳᚻᛖᛗᛁᛋᛏᚱᚣ,592
oversubscribed,246579,0,ᚩᚢᛖᚱᛋᚢᛒᛋᚳᚱᛁᛒᛖᛞ,530
unpreparedness,246416,0,ᚢᚾᛈᚱᛖᛈᚪᚱᛖᛞᚾᛖᛋᛋ,662
hermaphroditic,246416,0,ᚻᛖᚱᛗᚪᛈᚻᚱᚩᛞᛁᛏᛁᚳ,576
metempsychosis,246184,0,ᛗᛖᛏᛖᛗᛈᛋᚣᚳᚻᚩᛋᛁᛋ,714
plasmapheresis,245292,0,ᛈᛚᚪᛋᛗᚪᛈᚻᛖᚱᛖᛋᛁᛋ,782
indecomposable,244000,0,ᛁᚾᛞᛖᚳᚩᛗᛈᚩᛋᚪᛒᛚᛖ,708
inflammability,243836,0,ᛁᚾᚠᛚᚪᛗᛗᚪᛒᛁᛚᛁᛏᚣ,829
microbiologists,243245,0,ᛗᛁᚳᚱᚩᛒᛡᛚᚩᚷᛁᛋᛏᛋ,594
monosaccharide,242414,0,ᛗᚩᚾᚩᛋᚪᚳᚳᚻᚪᚱᛁᛞᛖ,608
overprotective,242092,0,ᚩᚢᛖᚱᛈᚱᚩᛏᛖᚳᛏᛁᚢᛖ,448
misapprehended,240940,0,ᛗᛁᛋᚪᛈᛈᚱᛖᚻᛖᚾᛞᛖᛞ,780
existentialists,240594,0,ᛖᛉᛁᛋᛏᛖᚾᛏᛡᛚᛁᛋᛏᛋ,788
intractability,238519,0,ᛁᚾᛏᚱᚪᚳᛏᚪᛒᛁᛚᛁᛏᚣ,754
astronomically,236493,0,ᚪᛋᛏᚱᚩᚾᚩᛗᛁᚳᚪᛚᛚᚣ,724
hydrographical,236210,0,ᚻᚣᛞᚱᚩᚷᚱᚪᛈᚻᛁᚳᚪᛚ,638
inseparability,235628,0,ᛁᚾᛋᛖᛈᚪᚱᚪᛒᛁᛚᛁᛏᚣ,786
disconsolately,234941,0,ᛞᛁᛋᚳᚩᚾᛋᚩᛚᚪᛏᛖᛚᚣ,754
paramilitaries,234164,0,ᛈᚪᚱᚪᛗᛁᛚᛁᛏᚪᚱᛁᛖᛋ,772
disestablished,233863,0,ᛞᛁᛋᛖᛋᛏᚪᛒᛚᛁᛋᚻᛖᛞ,846
misunderstands,233743,0,ᛗᛁᛋᚢᚾᛞᛖᚱᛋᛏᚪᚾᛞᛋ,734
disintegrations,233283,0,ᛞᛁᛋᛁᚾᛏᛖᚷᚱᚪᛏᛡᚾᛋ,732
protectiveness,233059,0,ᛈᚱᚩᛏᛖᚳᛏᛁᚢᛖᚾᛖᛋᛋ,562
hydrodynamical,232516,0,ᚻᚣᛞᚱᚩᛞᚣᚾᚪᛗᛁᚳᚪᛚ,836
controversially,231773,0,ᚳᚩᚾᛏᚱᚩᚢᛖᚱᛋᛡᛚᛚᚣ,616
neoconservative,231253,0,ᚾᛇᚳᚩᚾᛋᛖᚱᚢᚪᛏᛁᚢᛖ,510
compositionally,230850,0,ᚳᚩᛗᛈᚩᛋᛁᛏᛡᚾᚪᛚᛚᚣ,766
reincorporated,230813,0,ᚱᛖᛁᚾᚳᚩᚱᛈᚩᚱᚪᛏᛖᛞ,542
phytochemicals,230756,0,ᛈᚻᚣᛏᚩᚳᚻᛖᛗᛁᚳᚪᛚᛋ,676
propagandistic,230129,0,ᛈᚱᚩᛈᚪᚷᚪᚾᛞᛁᛋᛏᛁᚳ,620
chondrosarcoma,229414,0,ᚳᚻᚩᚾᛞᚱᚩᛋᚪᚱᚳᚩᛗᚪ,528
ecclesiological,228929,0,ᛖᚳᚳᛚᛖᛋᛡᛚᚩᚷᛁᚳᚪᛚ,704
stochastically,227050,0,ᛋᛏᚩᚳᚻᚪᛋᛏᛁᚳᚪᛚᛚᚣ,754
aristocratical,225915,0,ᚪᚱᛁᛋᛏᚩᚳᚱᚪᛏᛁᚳᚪᛚ,652
parallelepiped,224286,0,ᛈᚪᚱᚪᛚᛚᛖᛚᛖᛈᛁᛈᛖᛞ,874
decalcification,223390,0,ᛞᛖᚳᚪᛚᚳᛁᚠᛁᚳᚪᛏᛡᚾ,721
neighborliness,223004,0,ᚾᛖᛁᚷᚻᛒᚩᚱᛚᛁᚾᛖᛋᛋ,552
pleuropneumonia,219912,0,ᛈᛚᛖᚢᚱᚩᛈᚾᛖᚢᛗᚩᚾᛡ,560
conventionalism,219635,0,ᚳᚩᚾᚢᛖᚾᛏᛡᚾᚪᛚᛁᛋᛗ,668
stereotypically,219215,0,ᛋᛏᛖᚱᛇᛏᚣᛈᛁᚳᚪᛚᛚᚣ,826
oxidoreductase,218703,0,ᚩᛉᛁᛞᚩᚱᛖᛞᚢᚳᛏᚪᛋᛖ,640
unexpectedness,217638,0,ᚢᚾᛖᛉᛈᛖᚳᛏᛖᛞᚾᛖᛋᛋ,686
indecisiveness,211162,0,ᛁᚾᛞᛖᚳᛁᛋᛁᚢᛖᚾᛖᛋᛋ,616
subdirectories,210376,0,ᛋᚢᛒᛞᛁᚱᛖᚳᛏᚩᚱᛁᛖᛋ,556
indistinctness,210137,0,ᛁᚾᛞᛁᛋᛏᛁᚾᚳᛏᚾᛖᛋᛋ,626
antiphlogistic,209268,0,ᚪᚾᛏᛁᛈᚻᛚᚩᚷᛁᛋᛏᛁᚳ,566
intrapulmonary,208434,0,ᛁᚾᛏᚱᚪᛈᚢᛚᛗᚩᚾᚪᚱᚣ,664
collectivistic,207780,0,ᚳᚩᛚᛚᛖᚳᛏᛁᚢᛁᛋᛏᛁᚳ,526
disproportioned,206662,0,ᛞᛁᛋᛈᚱᚩᛈᚩᚱᛏᛡᚾᛖᛞ,646
expressionistic,205937,0,ᛖᛉᛈᚱᛖᛋᛋᛡᚾᛁᛋᛏᛁᚳ,664
knickerbockers,205456,0,ᚳᚾᛁᚳᚳᛖᚱᛒᚩᚳᚳᛖᚱᛋ,402
preestablished,205269,0,ᛈᚱᛖᛖᛋᛏᚪᛒᛚᛁᛋᚻᛖᛞ,794
manoeuvrability,202868,0,ᛗᚪᚾᛟᚢᚢᚱᚪᛒᛁᛚᛁᛏᚣ,752
governmentally,202532,0,ᚷᚩᚢᛖᚱᚾᛗᛖᚾᛏᚪᛚᛚᚣ,706
pharmacologist,202207,0,ᛈᚻᚪᚱᛗᚪᚳᚩᛚᚩᚷᛁᛋᛏ,602
psychoneuroses,201920,0,ᛈᛋᚣᚳᚻᚩᚾᛖᚢᚱᚩᛋᛖᛋ,532
quadrilaterals,199455,0,ᚳᚹᚪᛞᚱᛁᛚᚪᛏᛖᚱᚪᛚᛋ,790
reinvestigation,198776,0,ᚱᛖᛁᚾᚢᛖᛋᛏᛁᚷᚪᛏᛡᚾ,660
iconographical,197796,0,ᛁᚳᚩᚾᚩᚷᚱᚪᛈᚻᛁᚳᚪᛚ,492
interrogatives,196996,0,ᛁᚾᛏᛖᚱᚱᚩᚷᚪᛏᛁᚢᛖᛋ,542
overstimulation,195643,0,ᚩᚢᛖᚱᛋᛏᛁᛗᚢᛚᚪᛏᛡᚾ,670
irreducibility,193195,0,ᛁᚱᚱᛖᛞᚢᚳᛁᛒᛁᛚᛁᛏᚣ,614
businessperson,191912,0,ᛒᚢᛋᛁᚾᛖᛋᛋᛈᛖᚱᛋᚩᚾ,560
cryptorchidism,191729,0,ᚳᚱᚣᛈᛏᚩᚱᚳᚻᛁᛞᛁᛋᛗ,558
industriousness,190740,0,ᛁᚾᛞᚢᛋᛏᚱᛡᚢᛋᚾᛖᛋᛋ,640
presumptuously,190301,0,ᛈᚱᛖᛋᚢᛗᛈᛏᚢᚩᚢᛋᛚᚣ,592
profitableness,189597,0,ᛈᚱᚩᚠᛁᛏᚪᛒᛚᛖᚾᛖᛋᛋ,653
undiscriminating,189197,0,ᚢᚾᛞᛁᛋᚳᚱᛁᛗᛁᚾᚪᛏᛝ,626
phosphoprotein,188299,0,ᛈᚻᚩᛋᛈᚻᚩᛈᚱᚩᛏᛖᛁᚾ,446
psychoneurosis,187309,0,ᛈᛋᚣᚳᚻᚩᚾᛖᚢᚱᚩᛋᛁᛋ,496
hypocritically,187245,0,ᚻᚣᛈᚩᚳᚱᛁᛏᛁᚳᚪᛚᛚᚣ,680
gastroduodenal,187107,0,ᚷᚪᛋᛏᚱᚩᛞᚢᚩᛞᛖᚾᚪᛚ,698
discriminators,186713,0,ᛞᛁᛋᚳᚱᛁᛗᛁᚾᚪᛏᚩᚱᛋ,586
unrecognisable,186565,0,ᚢᚾᚱᛖᚳᚩᚷᚾᛁᛋᚪᛒᛚᛖ,558
simplistically,186553,0,ᛋᛁᛗᛈᛚᛁᛋᛏᛁᚳᚪᛚᛚᚣ,804
volumetrically,186485,0,ᚢᚩᛚᚢᛗᛖᛏᚱᛁᚳᚪᛚᛚᚣ,684
acclimatisation,185191,0,ᚪᚳᚳᛚᛁᛗᚪᛏᛁᛋᚪᛏᛡᚾ,830
crystallizable,185026,0,ᚳᚱᚣᛋᛏᚪᛚᛚᛁᛋᚪᛒᛚᛖ,864
reincorporation,183938,0,ᚱᛖᛁᚾᚳᚩᚱᛈᚩᚱᚪᛏᛡᚾ,522
depersonalized,183717,0,ᛞᛖᛈᛖᚱᛋᚩᚾᚪᛚᛁᛋᛖᛞ,776
pretentiousness,182491,0,ᛈᚱᛖᛏᛖᚾᛏᛡᚢᛋᚾᛖᛋᛋ,700
electrocautery,181794,0,ᛖᛚᛖᚳᛏᚱᚩᚳᚪᚢᛏᛖᚱᚣ,650
purposefulness,181381,0,ᛈᚢᚱᛈᚩᛋᛖᚠᚢᛚᚾᛖᛋᛋ,507
overindulgence,180936,0,ᚩᚢᛖᚱᛁᚾᛞᚢᛚᚷᛖᚾᚳᛖ,506
defibrillators,179028,0,ᛞᛖᚠᛁᛒᚱᛁᛚᛚᚪᛏᚩᚱᛋ,665
coconspirators,178828,0,ᚳᚩᚳᚩᚾᛋᛈᛁᚱᚪᛏᚩᚱᛋ,434
reproductively,177100,0,ᚱᛖᛈᚱᚩᛞᚢᚳᛏᛁᚢᛖᛚᚣ,580
parametrically,176724,0,ᛈᚪᚱᚪᛗᛖᛏᚱᛁᚳᚪᛚᛚᚣ,846
commensurately,176104,0,ᚳᚩᛗᛗᛖᚾᛋᚢᚱᚪᛏᛖᛚᚣ,724
interpenetrate,175660,0,ᛁᚾᛏᛖᚱᛈᛖᚾᛖᛏᚱᚪᛏᛖ,696
parliamentarism,175610,0,ᛈᚪᚱᛚᛡᛗᛖᚾᛏᚪᚱᛁᛋᛗ,820
preposterously,175457,0,ᛈᚱᛖᛈᚩᛋᛏᛖᚱᚩᚢᛋᛚᚣ,600
servomechanism,171340,0,ᛋᛖᚱᚢᚩᛗᛖᚳᚻᚪᚾᛁᛋᛗ,596
unparliamentary,171024,0,ᚢᚾᛈᚪᚱᛚᛡᛗᛖᚾᛏᚪᚱᚣ,800
ultrasonically,170836,0,ᚢᛚᛏᚱᚪᛋᚩᚾᛁᚳᚪᛚᛚᚣ,722
psychosomatics,168850,0,ᛈᛋᚣᚳᚻᚩᛋᚩᛗᚪᛏᛁᚳᛋ,626
petrographical,168807,0,ᛈᛖᛏᚱᚩᚷᚱᚪᛈᚻᛁᚳᚪᛚ,592
brachycephalic,168659,0,ᛒᚱᚪᚳᚻᚣᚳᛖᛈᚻᚪᛚᛁᚳ,668
distributaries,166993,0,ᛞᛁᛋᛏᚱᛁᛒᚢᛏᚪᚱᛁᛖᛋ,656
consequentially,166546,0,ᚳᚩᚾᛋᛖᚳᚹᛖᚾᛏᛡᛚᛚᚣ,712
aerodynamically,166103,0,ᚫᚱᚩᛞᚣᚾᚪᛗᛁᚳᚪᛚᛚᚣ,898
subprofessional,166035,0,ᛋᚢᛒᛈᚱᚩᚠᛖᛋᛋᛡᚾᚪᛚ,659
combustibility,165872,0,ᚳᚩᛗᛒᚢᛋᛏᛁᛒᛁᛚᛁᛏᚣ,656
spiritualities,164882,0,ᛋᛈᛁᚱᛁᛏᚢᚪᛚᛁᛏᛁᛖᛋ,642
bipartisanship,164834,0,ᛒᛁᛈᚪᚱᛏᛁᛋᚪᚾᛋᚻᛁᛈ,662
recommendatory,164664,0,ᚱᛖᚳᚩᛗᛗᛖᚾᛞᚪᛏᚩᚱᚣ,702
multiprogramming,164358,0,ᛗᚢᛚᛏᛁᛈᚱᚩᚷᚱᚪᛗᛗᛝ,644
internalisation,163920,0,ᛁᚾᛏᛖᚱᚾᚪᛚᛁᛋᚪᛏᛡᚾ,772
thalamocortical,162452,0,ᚦᚪᛚᚪᛗᚩᚳᚩᚱᛏᛁᚳᚪᛚ,654
unscrupulously,161864,0,ᚢᚾᛋᚳᚱᚢᛈᚢᛚᚩᚢᛋᛚᚣ,470
masculinization,161660,0,ᛗᚪᛋᚳᚢᛚᛁᚾᛁᛋᚪᛏᛡᚾ,746
handicraftsmen,161430,0,ᚻᚪᚾᛞᛁᚳᚱᚪᚠᛏᛋᛗᛖᚾ,671
noncrystalline,161332,0,ᚾᚩᚾᚳᚱᚣᛋᛏᚪᛚᛚᛁᚾᛖ,674
propylthiouracil,161137,0,ᛈᚱᚩᛈᚣᛚᚦᛡᚢᚱᚪᚳᛁᛚ,620
commonsensical,159576,0,ᚳᚩᛗᛗᚩᚾᛋᛖᚾᛋᛁᚳᚪᛚ,614
roentgenography,157513,0,ᚱᛟᚾᛏᚷᛖᚾᚩᚷᚱᚪᛈᚻᚣ,596
unfriendliness,157339,0,ᚢᚾᚠᚱᛁᛖᚾᛞᛚᛁᚾᛖᛋᛋ,567
antisyphilitic,157182,0,ᚪᚾᛏᛁᛋᚣᛈᚻᛁᛚᛁᛏᛁᚳ,676
perceptiveness,155917,0,ᛈᛖᚱᚳᛖᛈᛏᛁᚢᛖᚾᛖᛋᛋ,606
communicational,155901,0,ᚳᚩᛗᛗᚢᚾᛁᚳᚪᛏᛡᚾᚪᛚ,700
illegitimately,155368,0,ᛁᛚᛚᛖᚷᛁᛏᛁᛗᚪᛏᛖᛚᚣ,852
discontentment,154840,0,ᛞᛁᛋᚳᚩᚾᛏᛖᚾᛏᛗᛖᚾᛏ,662
extravagancies,153923,0,ᛖᛉᛏᚱᚪᚢᚪᚷᚪᚾᚳᛁᛖᛋ,688
preregistration,153454,0,ᛈᚱᛖᚱᛖᚷᛁᛋᛏᚱᚪᛏᛡᚾ,662
farsightedness,152463,0,ᚠᚪᚱᛋᛁᚷᚻᛏᛖᛞᚾᛖᛋᛋ,651
gravitationally,151875,0,ᚷᚱᚪᚢᛁᛏᚪᛏᛡᚾᚪᛚᛚᚣ,856
impracticality,151562,0,ᛁᛗᛈᚱᚪᚳᛏᛁᚳᚪᛚᛁᛏᚣ,732
myelomeningocele,151276,0,ᛗᚣᛖᛚᚩᛗᛖᚾᛝᚩᚳᛖᛚᛖ,794
palaeontologist,151011,0,ᛈᚪᛚᚫᚩᚾᛏᚩᛚᚩᚷᛁᛋᛏ,656
supererogatory,150355,0,ᛋᚢᛈᛖᚱᛖᚱᚩᚷᚪᛏᚩᚱᚣ,556
multilaterally,150074,0,ᛗᚢᛚᛏᛁᛚᚪᛏᛖᚱᚪᛚᛚᚣ,890
diverticulosis,149672,0,ᛞᛁᚢᛖᚱᛏᛁᚳᚢᛚᚩᛋᛁᛋ,524
irrespectively,148245,0,ᛁᚱᚱᛖᛋᛈᛖᚳᛏᛁᚢᛖᛚᚣ,632
autoradiographs,148033,0,ᚪᚢᛏᚩᚱᚪᛞᛡᚷᚱᚪᛈᚻᛋ,714
departmentally,147731,0,ᛞᛖᛈᚪᚱᛏᛗᛖᚾᛏᚪᛚᛚᚣ,938
nonproprietary,147680,0,ᚾᚩᚾᛈᚱᚩᛈᚱᛁᛖᛏᚪᚱᚣ,548
segregationists,146453,0,ᛋᛖᚷᚱᛖᚷᚪᛏᛡᚾᛁᛋᛏᛋ,720
redistributions,144924,0,ᚱᛖᛞᛁᛋᛏᚱᛁᛒᚢᛏᛡᚾᛋ,664
cosmetologists,144631,0,ᚳᚩᛋᛗᛖᛏᚩᛚᚩᚷᛁᛋᛏᛋ,570
transsexualism,144234,0,ᛏᚱᚪᚾᛋᛋᛖᛉᚢᚪᛚᛁᛋᛗ,744
extravehicular,143822,0,ᛖᛉᛏᚱᚪᚢᛖᚻᛁᚳᚢᛚᚪᚱ,602
unmerchantable,143045,0,ᚢᚾᛗᛖᚱᚳᚻᚪᚾᛏᚪᛒᛚᛖ,700
fibrocartilage,142893,0,ᚠᛁᛒᚱᚩᚳᚪᚱᛏᛁᛚᚪᚷᛖ,577
heterogeneously,142160,0,ᚻᛖᛏᛖᚱᚩᚷᛖᚾᛇᚢᛋᛚᚣ,620
destabilisation,140834,0,ᛞᛖᛋᛏᚪᛒᛁᛚᛁᛋᚪᛏᛡᚾ,906
nonoccupational,140593,0,ᚾᚩᚾᚩᚳᚳᚢᛈᚪᛏᛡᚾᚪᛚ,606
unsurmountable,140229,0,ᚢᚾᛋᚢᚱᛗᚩᚢᚾᛏᚪᛒᛚᛖ,566
nonrestrictive,140101,0,ᚾᚩᚾᚱᛖᛋᛏᚱᛁᚳᛏᛁᚢᛖ,470
circumnavigate,139556,0,ᚳᛁᚱᚳᚢᛗᚾᚪᚢᛁᚷᚪᛏᛖ,542
troubleshooter,139538,0,ᛏᚱᚩᚢᛒᛚᛖᛋᚻᚩᚩᛏᛖᚱ,508
unbusinesslike,139431,0,ᚢᚾᛒᚢᛋᛁᚾᛖᛋᛋᛚᛁᚳᛖ,566
underachievers,139285,0,ᚢᚾᛞᛖᚱᚪᚳᚻᛁᛖᚢᛖᚱᛋ,564
aguascalientes,138215,0,ᚪᚷᚢᚪᛋᚳᚪᛚᛁᛖᚾᛏᛖᛋ,756
unselfconscious,137671,0,ᚢᚾᛋᛖᛚᚠᚳᚩᚾᛋᚳᛡᚢᛋ,505
morphophonemic,137321,0,ᛗᚩᚱᛈᚻᚩᛈᚻᚩᚾᛖᛗᛁᚳ,446
lamellibranchs,137050,0,ᛚᚪᛗᛖᛚᛚᛁᛒᚱᚪᚾᚳᚻᛋ,772
undecipherable,136608,1,ᚢᚾᛞᛖᚳᛁᛈᚻᛖᚱᚪᛒᛚᛖ,674
criminalisation,135989,0,ᚳᚱᛁᛗᛁᚾᚪᛚᛁᛋᚪᛏᛡᚾ,732
unpronounceable,135841,0,ᚢᚾᛈᚱᚩᚾᚩᚢᚾᚳᛠᛒᛚᛖ,484
repetitiveness,135835,0,ᚱᛖᛈᛖᛏᛁᛏᛁᚢᛖᚾᛖᛋᛋ,640
disintegrative,135399,0,ᛞᛁᛋᛁᚾᛏᛖᚷᚱᚪᛏᛁᚢᛖ,644
synchronically,135239,0,ᛋᚣᚾᚳᚻᚱᚩᚾᛁᚳᚪᛚᛚᚣ,658
disinheritance,134320,0,ᛞᛁᛋᛁᚾᚻᛖᚱᛁᛏᚪᚾᚳᛖ,630
deliberateness,133767,0,ᛞᛖᛚᛁᛒᛖᚱᚪᛏᛖᚾᛖᛋᛋ,824
sporotrichosis,133647,0,ᛋᛈᚩᚱᚩᛏᚱᛁᚳᚻᚩᛋᛁᛋ,402
ridiculousness,133421,0,ᚱᛁᛞᛁᚳᚢᛚᚩᚢᛋᚾᛖᛋᛋ,516
infinitesimals,133210,0,ᛁᚾᚠᛁᚾᛁᛏᛖᛋᛁᛗᚪᛚᛋ,657
superstitiously,132814,0,ᛋᚢᛈᛖᚱᛋᛏᛁᛏᛡᚢᛋᛚᚣ,718
circumlocutions,132813,0,ᚳᛁᚱᚳᚢᛗᛚᚩᚳᚢᛏᛡᚾᛋ,486
blameworthiness,132090,0,ᛒᛚᚪᛗᛖᚹᚩᚱᚦᛁᚾᛖᛋᛋ,644
substitutionary,130701,0,ᛋᚢᛒᛋᛏᛁᛏᚢᛏᛡᚾᚪᚱᚣ,728
transitoriness,130629,0,ᛏᚱᚪᚾᛋᛁᛏᚩᚱᛁᚾᛖᛋᛋ,590
monocarboxylic,130067,0,ᛗᚩᚾᚩᚳᚪᚱᛒᚩᛉᚣᛚᛁᚳ,570
hysterectomies,128434,0,ᚻᚣᛋᛏᛖᚱᛖᚳᛏᚩᛗᛁᛖᛋ,684
fructifications,128369,0,ᚠᚱᚢᚳᛏᛁᚠᛁᚳᚪᛏᛡᚾᛋ,510
preservationist,127958,0,ᛈᚱᛖᛋᛖᚱᚢᚪᛏᛡᚾᛁᛋᛏ,690
procrastinated,127923,0,ᛈᚱᚩᚳᚱᚪᛋᛏᛁᚾᚪᛏᛖᛞ,666
phosphocreatine,127896,0,ᛈᚻᚩᛋᛈᚻᚩᚳᚱᛠᛏᛁᚾᛖ,518
syllabification,127330,0,ᛋᚣᛚᛚᚪᛒᛁᚠᛁᚳᚪᛏᛡᚾ,829
dnepropetrovsk,127101,0,ᛞᚾᛖᛈᚱᚩᛈᛖᛏᚱᚩᚢᛋᚳ,502
supersensitive,126285,0,ᛋᚢᛈᛖᚱᛋᛖᚾᛋᛁᛏᛁᚢᛖ,570
ecclesiasticism,125969,0,ᛖᚳᚳᛚᛖᛋᛡᛋᛏᛁᚳᛁᛋᛗ,704
dorsoventrally,125297,0,ᛞᚩᚱᛋᚩᚢᛖᚾᛏᚱᚪᛚᛚᚣ,682
astrophysicist,125051,0,ᚪᛋᛏᚱᚩᛈᚻᚣᛋᛁᚳᛁᛋᛏ,636
divertissement,124411,0,ᛞᛁᚢᛖᚱᛏᛁᛋᛋᛖᛗᛖᚾᛏ,690
unaccomplished,124013,0,ᚢᚾᚪᚳᚳᚩᛗᛈᛚᛁᛋᚻᛖᛞ,612
nonconformance,123833,0,ᚾᚩᚾᚳᚩᚾᚠᚩᚱᛗᚪᚾᚳᛖ,411
turbogenerator,123735,0,ᛏᚢᚱᛒᚩᚷᛖᚾᛖᚱᚪᛏᚩᚱ,506
conscienceless,123722,0,ᚳᚩᚾᛋᚳᛁᛖᚾᚳᛖᛚᛖᛋᛋ,568
irreconcilably,122915,0,ᛁᚱᚱᛖᚳᚩᚾᚳᛁᛚᚪᛒᛚᚣ,620
distensibility,121918,0,ᛞᛁᛋᛏᛖᚾᛋᛁᛒᛁᛚᛁᛏᚣ,770
retransmissions,121642,0,ᚱᛖᛏᚱᚪᚾᛋᛗᛁᛋᛋᛡᚾᛋ,724
undiscoverable,120479,0,ᚢᚾᛞᛁᛋᚳᚩᚢᛖᚱᚪᛒᛚᛖ,604
hieroglyphical,119806,0,ᚻᛁᛖᚱᚩᚷᛚᚣᛈᚻᛁᚳᚪᛚ,612
radiotelegraphy,119061,0,ᚱᚪᛞᛡᛏᛖᛚᛖᚷᚱᚪᛈᚻᚣ,864
corticotrophin,118988,0,ᚳᚩᚱᛏᛁᚳᚩᛏᚱᚩᛈᚻᛁᚾ,344
oversimplifies,118652,0,ᚩᚢᛖᚱᛋᛁᛗᛈᛚᛁᚠᛁᛖᛋ,543
observationally,118599,0,ᚩᛒᛋᛖᚱᚢᚪᛏᛡᚾᚪᛚᛚᚣ,840
oceanographical,118388,0,ᚩᚳᛠᚾᚩᚷᚱᚪᛈᚻᛁᚳᚪᛚ,570
implausibility,117954,0,ᛁᛗᛈᛚᚪᚢᛋᛁᛒᛁᛚᛁᛏᚣ,760
suprasegmental,117742,0,ᛋᚢᛈᚱᚪᛋᛖᚷᛗᛖᚾᛏᚪᛚ,740
hundredweights,116892,0,ᚻᚢᚾᛞᚱᛖᛞᚹᛖᛁᚷᚻᛏᛋ,580
antispasmodics,115272,0,ᚪᚾᛏᛁᛋᛈᚪᛋᛗᚩᛞᛁᚳᛋ,726
climatologists,114473,0,ᚳᛚᛁᛗᚪᛏᚩᛚᚩᚷᛁᛋᛏᛋ,644
oppressiveness,114181,0,ᚩᛈᛈᚱᛖᛋᛋᛁᚢᛖᚾᛖᛋᛋ,580
scrupulousness,114031,0,ᛋᚳᚱᚢᛈᚢᛚᚩᚢᛋᚾᛖᛋᛋ,464
encyclopedists,112796,0,ᛖᚾᚳᚣᚳᛚᚩᛈᛖᛞᛁᛋᛏᛋ,700
cartographical,112632,0,ᚳᚪᚱᛏᚩᚷᚱᚪᛈᚻᛁᚳᚪᛚ,592
inadvisability,110985,0,ᛁᚾᚪᛞᚢᛁᛋᚪᛒᛁᛚᛁᛏᚣ,788
chorioretinitis,110319,0,ᚳᚻᚩᚱᛡᚱᛖᛏᛁᚾᛁᛏᛁᛋ,532
nonconvertible,110022,0,ᚾᚩᚾᚳᚩᚾᚢᛖᚱᛏᛁᛒᛚᛖ,486
nearsightedness,109853,0,ᚾᛠᚱᛋᛁᚷᚻᛏᛖᛞᚾᛖᛋᛋ,690
excrementitious,109802,0,ᛖᛉᚳᚱᛖᛗᛖᚾᛏᛁᛏᛡᚢᛋ,684
particularised,109556,0,ᛈᚪᚱᛏᛁᚳᚢᛚᚪᚱᛁᛋᛖᛞ,678
machiavellianism,109457,0,ᛗᚪᚳᚻᛡᚢᛖᛚᛚᛡᚾᛁᛋᛗ,818
inscrutability,109271,0,ᛁᚾᛋᚳᚱᚢᛏᚪᛒᛁᛚᛁᛏᚣ,654
hydromechanics,108634,0,ᚻᚣᛞᚱᚩᛗᛖᚳᚻᚪᚾᛁᚳᛋ,630
professionalize,107059,0,ᛈᚱᚩᚠᛖᛋᛋᛡᚾᚪᛚᛁᛋᛖ,693
ultramontanism,105556,0,ᚢᛚᛏᚱᚪᛗᚩᚾᛏᚪᚾᛁᛋᛗ,690
mispronunciation,105321,0,ᛗᛁᛋᛈᚱᚩᚾᚢᚾᚳᛡᛏᛡᚾ,592
premaxillaries,104060,0,ᛈᚱᛖᛗᚪᛉᛁᛚᛚᚪᚱᛁᛖᛋ,772
tranquillizers,103609,0,ᛏᚱᚪᚾᚳᚹᛁᛚᛚᛁᛋᛖᚱᛋ,620
hydrologically,103156,0,ᚻᚣᛞᚱᚩᛚᚩᚷᛁᚳᚪᛚᛚᚣ,720
circumvallation,103029,0,ᚳᛁᚱᚳᚢᛗᚢᚪᛚᛚᚪᛏᛡᚾ,680
disentanglement,102811,0,ᛞᛁᛋᛖᚾᛏᚪᛝᛚᛖᛗᛖᚾᛏ,870
scholastically,102556,0,ᛋᚳᚻᚩᛚᚪᛋᛏᛁᚳᚪᛚᛚᚣ,768
prognosticated,102546,0,ᛈᚱᚩᚷᚾᚩᛋᛏᛁᚳᚪᛏᛖᛞ,582
disproportional,102402,0,ᛞᛁᛋᛈᚱᚩᛈᚩᚱᛏᛡᚾᚪᛚ,660
vulvovaginitis,101948,0,ᚢᚢᛚᚢᚩᚢᚪᚷᛁᚾᛁᛏᛁᛋ,440
depolarizations,101049,0,ᛞᛖᛈᚩᛚᚪᚱᛁᛋᚪᛏᛡᚾᛋ,816
telescopically,100772,0,ᛏᛖᛚᛖᛋᚳᚩᛈᛁᚳᚪᛚᛚᚣ,772
inconclusively,100508,0,ᛁᚾᚳᚩᚾᚳᛚᚢᛋᛁᚢᛖᛚᚣ,528
transcendently,100466,0,ᛏᚱᚪᚾᛋᚳᛖᚾᛞᛖᚾᛏᛚᚣ,778
electrosurgery,100320,0,ᛖᛚᛖᚳᛏᚱᚩᛋᚢᚱᚷᛖᚱᚣ,562
agribusinesses,99839,0,ᚪᚷᚱᛁᛒᚢᛋᛁᚾᛖᛋᛋᛖᛋ,626
contentiousness,98753,0,ᚳᚩᚾᛏᛖᚾᛏᛡᚢᛋᚾᛖᛋᛋ,628
noncommittally,98563,0,ᚾᚩᚾᚳᚩᛗᛗᛁᛏᛏᚪᛚᛚᚣ,722
transportations,98191,0,ᛏᚱᚪᚾᛋᛈᚩᚱᛏᚪᛏᛡᚾᛋ,714
disenfranchise,97517,0,ᛞᛁᛋᛖᚾᚠᚱᚪᚾᚳᚻᛁᛋᛖ,595
unauthenticated,97433,0,ᚢᚾᚪᚢᚦᛖᚾᛏᛁᚳᚪᛏᛖᛞ,648
inalienability,96936,0,ᛁᚾᚪᛚᛁᛖᚾᚪᛒᛁᛚᛁᛏᚣ,812
underpopulated,96520,0,ᚢᚾᛞᛖᚱᛈᚩᛈᚢᛚᚪᛏᛖᛞ,680
disingenuousness,96387,0,ᛞᛁᛋᛝᛖᚾᚢᚩᚢᛋᚾᛖᛋᛋ,616
retrospectives,95491,0,ᚱᛖᛏᚱᚩᛋᛈᛖᚳᛏᛁᚢᛖᛋ,544
undeterminable,95400,0,ᚢᚾᛞᛖᛏᛖᚱᛗᛁᚾᚪᛒᛚᛖ,754
disciplinarians,94668,0,ᛞᛁᛋᚳᛁᛈᛚᛁᚾᚪᚱᛡᚾᛋ,690
subcontinental,94577,0,ᛋᚢᛒᚳᚩᚾᛏᛁᚾᛖᚾᛏᚪᛚ,610
interpellations,94379,0,ᛁᚾᛏᛖᚱᛈᛖᛚᛚᚪᛏᛡᚾᛋ,798
maldevelopment,93979,0,ᛗᚪᛚᛞᛖᚢᛖᛚᚩᛈᛗᛖᚾᛏ,816
cannibalization,93536,0,ᚳᚪᚾᚾᛁᛒᚪᛚᛁᛋᚪᛏᛡᚾ,806
phantasmagoric,93389,0,ᛈᚻᚪᚾᛏᚪᛋᛗᚪᚷᚩᚱᛁᚳ,648
algorithmically,93172,0,ᚪᛚᚷᚩᚱᛁᚦᛗᛁᚳᚪᛚᛚᚣ,702
indifferentism,93168,0,ᛁᚾᛞᛁᚠᚠᛖᚱᛖᚾᛏᛁᛋᛗ,572
hyperventilate,92917,0,ᚻᚣᛈᛖᚱᚢᛖᚾᛏᛁᛚᚪᛏᛖ,732
irrationalities,92900,0,ᛁᚱᚱᚪᛏᛡᚾᚪᛚᛁᛏᛁᛖᛋ,756
irrevocability,92807,0,ᛁᚱᚱᛖᚢᚩᚳᚪᛒᛁᛚᛁᛏᚣ,598
contraindicate,92683,0,ᚳᚩᚾᛏᚱᚪᛁᚾᛞᛁᚳᚪᛏᛖ,632
nonprogressive,92399,0,ᚾᚩᚾᛈᚱᚩᚷᚱᛖᛋᛋᛁᚢᛖ,428
ambassadorship,91461,0,ᚪᛗᛒᚪᛋᛋᚪᛞᚩᚱᛋᚻᛁᛈ,786
groundlessness,91332,0,ᚷᚱᚩᚢᚾᛞᛚᛖᛋᛋᚾᛖᛋᛋ,604
phototypesetting,91321,0,ᛈᚻᚩᛏᚩᛏᚣᛈᛖᛋᛖᛏᛏᛝ,728
supportability,90984,0,ᛋᚢᛈᛈᚩᚱᛏᚪᛒᛁᛚᛁᛏᚣ,674
systematisation,90955,0,ᛋᚣᛋᛏᛖᛗᚪᛏᛁᛋᚪᛏᛡᚾ,938
indetermination,90227,0,ᛁᚾᛞᛖᛏᛖᚱᛗᛁᚾᚪᛏᛡᚾ,776
transmogrified,90190,0,ᛏᚱᚪᚾᛋᛗᚩᚷᚱᛁᚠᛁᛖᛞ,575
gerontologists,89724,0,ᚷᛖᚱᚩᚾᛏᚩᛚᚩᚷᛁᛋᛏᛋ,490
malnourishment,89633,0,ᛗᚪᛚᚾᚩᚢᚱᛁᛋᚻᛗᛖᚾᛏ,624
overoptimistic,89399,0,ᚩᚢᛖᚱᚩᛈᛏᛁᛗᛁᛋᛏᛁᚳ,486
exhibitionistic,88852,0,ᛖᛉᚻᛁᛒᛁᛏᛡᚾᛁᛋᛏᛁᚳ,642
perceptibility,87935,0,ᛈᛖᚱᚳᛖᛈᛏᛁᛒᛁᛚᛁᛏᚣ,692
liberalizations,86560,0,ᛚᛁᛒᛖᚱᚪᛚᛁᛋᚪᛏᛡᚾᛋ,842
nonconcurrence,86081,0,ᚾᚩᚾᚳᚩᚾᚳᚢᚱᚱᛖᚾᚳᛖ,328
nationalizations,85795,0,ᚾᚪᛏᛡᚾᚪᛚᛁᛋᚪᛏᛡᚾᛋ,920
lightheartedness,85766,0,ᛚᛁᚷᚻᚦᛠᚱᛏᛖᛞᚾᛖᛋᛋ,686
nonparticipant,85658,0,ᚾᚩᚾᛈᚪᚱᛏᛁᚳᛁᛈᚪᚾᛏ,578
underspecified,85382,0,ᚢᚾᛞᛖᚱᛋᛈᛖᚳᛁᚠᛁᛖᛞ,595
exhaustiveness,85067,0,ᛖᛉᚻᚪᚢᛋᛏᛁᚢᛖᚾᛖᛋᛋ,652
millivoltmeter,84770,0,ᛗᛁᛚᛚᛁᚢᚩᛚᛏᛗᛖᛏᛖᚱ,696
underproduction,84409,0,ᚢᚾᛞᛖᚱᛈᚱᚩᛞᚢᚳᛏᛡᚾ,560
grandiloquence,83846,0,ᚷᚱᚪᚾᛞᛁᛚᚩᚳᚹᛖᚾᚳᛖ,562
unchangeableness,83067,0,ᚢᚾᚳᚻᚪᛝᛠᛒᛚᛖᚾᛖᛋᛋ,756
indiscriminating,83011,0,ᛁᚾᛞᛁᛋᚳᚱᛁᛗᛁᚾᚪᛏᛝ,654
parallelopiped,82815,0,ᛈᚪᚱᚪᛚᛚᛖᛚᚩᛈᛁᛈᛖᛞ,814
autobiographers,82668,0,ᚪᚢᛏᚩᛒᛡᚷᚱᚪᛈᚻᛖᚱᛋ,656
reconcentration,82364,0,ᚱᛖᚳᚩᚾᚳᛖᚾᛏᚱᚪᛏᛡᚾ,598
contemplatives,82107,0,ᚳᚩᚾᛏᛖᛗᛈᛚᚪᛏᛁᚢᛖᛋ,672
relentlessness,82074,0,ᚱᛖᛚᛖᚾᛏᛚᛖᛋᛋᚾᛖᛋᛋ,754
straightjacket,81752,0,ᛋᛏᚱᚪᛁᚷᚻᛏᛂᚪᚳᚳᛖᛏ,636
recommencement,81690,0,ᚱᛖᚳᚩᛗᛗᛖᚾᚳᛖᛗᛖᚾᛏ,642
overstatements,81458,0,ᚩᚢᛖᚱᛋᛏᚪᛏᛖᛗᛖᚾᛏᛋ,702
rheumatologist,81433,0,ᚱᚻᛖᚢᛗᚪᛏᚩᛚᚩᚷᛁᛋᛏ,578
copartnerships,81072,0,ᚳᚩᛈᚪᚱᛏᚾᛖᚱᛋᚻᛁᛈᛋ,540
altruistically,80897,0,ᚪᛚᛏᚱᚢᛁᛋᛏᛁᚳᚪᛚᛚᚣ,776
confectioneries,80397,0,ᚳᚩᚾᚠᛖᚳᛏᛡᚾᛖᚱᛁᛖᛋ,555
overenthusiastic,80128,0,ᚩᚢᛖᚱᛖᚾᚦᚢᛋᛡᛋᛏᛁᚳ,508
speechlessness,79828,0,ᛋᛈᛖᛖᚳᚻᛚᛖᛋᛋᚾᛖᛋᛋ,714
reflectiveness,79503,0,ᚱᛖᚠᛚᛖᚳᛏᛁᚢᛖᚾᛖᛋᛋ,595
artificialities,79301,0,ᚪᚱᛏᛁᚠᛁᚳᛡᛚᛁᛏᛁᛖᛋ,665
equalitarianism,79031,0,ᛖᚳᚹᚪᛚᛁᛏᚪᚱᛡᚾᛁᛋᛗ,758
unintelligibly,78797,0,ᚢᚾᛁᚾᛏᛖᛚᛚᛁᚷᛁᛒᛚᚣ,680
obstructionists,78770,0,ᚩᛒᛋᛏᚱᚢᚳᛏᛡᚾᛁᛋᛏᛋ,598
distributively,78360,0,ᛞᛁᛋᛏᚱᛁᛒᚢᛏᛁᚢᛖᛚᚣ,674
harpsichordist,77345,0,ᚻᚪᚱᛈᛋᛁᚳᚻᚩᚱᛞᛁᛋᛏ,544
disfigurements,77300,0,ᛞᛁᛋᚠᛁᚷᚢᚱᛖᛗᛖᚾᛏᛋ,583
carcinosarcoma,77183,0,ᚳᚪᚱᚳᛁᚾᚩᛋᚪᚱᚳᚩᛗᚪ,550
dacryocystitis,77031,0,ᛞᚪᚳᚱᚣᚩᚳᚣᛋᛏᛁᛏᛁᛋ,722
somnambulistic,76838,0,ᛋᚩᛗᚾᚪᛗᛒᚢᛚᛁᛋᛏᛁᚳ,652
overcompensate,76662,0,ᚩᚢᛖᚱᚳᚩᛗᛈᛖᚾᛋᚪᛏᛖ,594
autocratically,76134,0,ᚪᚢᛏᚩᚳᚱᚪᛏᛁᚳᚪᛚᛚᚣ,736
hyperbolically,75564,0,ᚻᚣᛈᛖᚱᛒᚩᛚᛁᚳᚪᛚᛚᚣ,778
unrestrainedly,75263,0,ᚢᚾᚱᛖᛋᛏᚱᚪᛁᚾᛖᛞᛚᚣ,722
architectonics,75214,0,ᚪᚱᚳᚻᛁᛏᛖᚳᛏᚩᚾᛁᚳᛋ,506
philologically,74977,0,ᛈᚻᛁᛚᚩᛚᚩᚷᛁᚳᚪᛚᛚᚣ,664
discountenancing,74951,0,ᛞᛁᛋᚳᚩᚢᚾᛏᛖᚾᚪᚾᚳᛝ,598
circumnavigating,74424,0,ᚳᛁᚱᚳᚢᛗᚾᚪᚢᛁᚷᚪᛏᛝ,554
unintellectual,73946,0,ᚢᚾᛁᚾᛏᛖᛚᛚᛖᚳᛏᚢᚪᛚ,676
nontransparent,73751,0,ᚾᚩᚾᛏᚱᚪᚾᛋᛈᚪᚱᛖᚾᛏ,620
meticulousness,73628,0,ᛗᛖᛏᛁᚳᚢᛚᚩᚢᛋᚾᛖᛋᛋ,582
unconscientious,73357,0,ᚢᚾᚳᚩᚾᛋᚳᛁᛖᚾᛏᛡᚢᛋ,496
econometricians,73245,0,ᛖᚳᚩᚾᚩᛗᛖᛏᚱᛁᚳᛡᚾᛋ,564
commemoratives,72674,0,ᚳᚩᛗᛗᛖᛗᚩᚱᚪᛏᛁᚢᛖᛋ,628
transistorised,72275,0,ᛏᚱᚪᚾᛋᛁᛋᛏᚩᚱᛁᛋᛖᛞ,650
disorderliness,72206,0,ᛞᛁᛋᚩᚱᛞᛖᚱᛚᛁᚾᛖᛋᛋ,664
uneconomically,72125,0,ᚢᚾᛖᚳᚩᚾᚩᛗᛁᚳᚪᛚᛚᚣ,616
conventionalist,72013,0,ᚳᚩᚾᚢᛖᚾᛏᛡᚾᚪᛚᛁᛋᛏ,656
inevitableness,71169,0,ᛁᚾᛖᚢᛁᛏᚪᛒᛚᛖᚾᛖᛋᛋ,720
oligodendroglia,71059,0,ᚩᛚᛁᚷᚩᛞᛖᚾᛞᚱᚩᚷᛚᛡ,624
recapitulations,70454,0,ᚱᛖᚳᚪᛈᛁᛏᚢᛚᚪᛏᛡᚾᛋ,742
gotterdammerung,70234,0,ᚷᚩᛏᛏᛖᚱᛞᚪᛗᛗᛖᚱᚢᛝ,708
rejuvenescence,70015,0,ᚱᛖᛂᚢᚢᛖᚾᛖᛋᚳᛖᚾᚳᛖ,526
circularization,69890,0,ᚳᛁᚱᚳᚢᛚᚪᚱᛁᛋᚪᛏᛡᚾ,628
replenishments,69783,0,ᚱᛖᛈᛚᛖᚾᛁᛋᚻᛗᛖᚾᛏᛋ,676
antiseptically,68656,0,ᚪᚾᛏᛁᛋᛖᛈᛏᛁᚳᚪᛚᛚᚣ,828
differentiators,68545,0,ᛞᛁᚠᚠᛖᚱᛖᚾᛏᛡᛏᚩᚱᛋ,594
uncomprehended,68165,0,ᚢᚾᚳᚩᛗᛈᚱᛖᚻᛖᚾᛞᛖᛞ,608
disgruntlement,68063,0,ᛞᛁᛋᚷᚱᚢᚾᛏᛚᛖᛗᛖᚾᛏ,658
presymptomatic,68058,0,ᛈᚱᛖᛋᚣᛗᛈᛏᚩᛗᚪᛏᛁᚳ,728
odontoglossums,67445,0,ᚩᛞᚩᚾᛏᚩᚷᛚᚩᛋᛋᚢᛗᛋ,528
encyclopaedists,67153,0,ᛖᚾᚳᚣᚳᛚᚩᛈᚫᛞᛁᛋᛏᛋ,734
dichotomization,66968,0,ᛞᛁᚳᚻᚩᛏᚩᛗᛁᛋᚪᛏᛡᚾ,676
conceivability,66843,0,ᚳᚩᚾᚳᛖᛁᚢᚪᛒᛁᛚᛁᛏᚣ,618
herpetologists,66705,0,ᚻᛖᚱᛈᛖᛏᚩᛚᚩᚷᛁᛋᛏᛋ,570
transmigrations,65909,0,ᛏᚱᚪᚾᛋᛗᛁᚷᚱᚪᛏᛡᚾᛋ,724
nonrecoverable,65467,0,ᚾᚩᚾᚱᛖᚳᚩᚢᛖᚱᚪᛒᛚᛖ,542
committeewoman,65157,0,ᚳᚩᛗᛗᛁᛏᛏᛖᛖᚹᚩᛗᚪᚾ,668
excommunicates,64692,0,ᛖᛉᚳᚩᛗᛗᚢᚾᛁᚳᚪᛏᛖᛋ,628
boisterousness,64494,0,ᛒᚩᛁᛋᛏᛖᚱᚩᚢᛋᚾᛖᛋᛋ,554
emblematically,64290,0,ᛖᛗᛒᛚᛖᛗᚪᛏᛁᚳᚪᛚᛚᚣ,956
heterosexually,63847,0,ᚻᛖᛏᛖᚱᚩᛋᛖᛉᚢᚪᛚᛚᚣ,750
archbishoprics,63523,0,ᚪᚱᚳᚻᛒᛁᛋᚻᚩᛈᚱᛁᚳᛋ,470
discontentedly,63335,0,ᛞᛁᛋᚳᚩᚾᛏᛖᚾᛏᛖᛞᛚᚣ,768
hippopotamuses,62892,0,ᚻᛁᛈᛈᚩᛈᚩᛏᚪᛗᚢᛋᛖᛋ,600
categorisations,62792,0,ᚳᚪᛏᛖᚷᚩᚱᛁᛋᚪᛏᛡᚾᛋ,700
discursiveness,62496,0,ᛞᛁᛋᚳᚢᚱᛋᛁᚢᛖᚾᛖᛋᛋ,556
correspondency,62279,0,ᚳᚩᚱᚱᛖᛋᛈᚩᚾᛞᛖᚾᚳᚣ,542
intermenstrual,62214,0,ᛁᚾᛏᛖᚱᛗᛖᚾᛋᛏᚱᚢᚪᛚ,660
alphabetization,61992,0,ᚪᛚᛈᚻᚪᛒᛖᛏᛁᛋᚪᛏᛡᚾ,896
desensitisation,61767,0,ᛞᛖᛋᛖᚾᛋᛁᛏᛁᛋᚪᛏᛡᚾ,824
sophistications,61738,0,ᛋᚩᛈᚻᛁᛋᛏᛁᚳᚪᛏᛡᚾᛋ,658
orthophosphates,61377,0,ᚩᚱᚦᚩᛈᚻᚩᛋᛈᚻᚪᛏᛖᛋ,498
clitoridectomy,60462,0,ᚳᛚᛁᛏᚩᚱᛁᛞᛖᚳᛏᚩᛗᚣ,634
nonsuppurative,60445,0,ᚾᚩᚾᛋᚢᛈᛈᚢᚱᚪᛏᛁᚢᛖ,478
handicraftsman,60270,0,ᚻᚪᚾᛞᛁᚳᚱᚪᚠᛏᛋᛗᚪᚾ,701
superscriptions,60041,0,ᛋᚢᛈᛖᚱᛋᚳᚱᛁᛈᛏᛡᚾᛋ,576
epistemologist,59669,0,ᛖᛈᛁᛋᛏᛖᛗᚩᛚᚩᚷᛁᛋᛏ,638
unproductively,59441,0,ᚢᚾᛈᚱᚩᛞᚢᚳᛏᛁᚢᛖᛚᚣ,534
controllership,59389,0,ᚳᚩᚾᛏᚱᚩᛚᛚᛖᚱᛋᚻᛁᛈ,500
fatalistically,59050,0,ᚠᚪᛏᚪᛚᛁᛋᛏᛁᚳᚪᛚᛚᚣ,861
inarticulately,59044,0,ᛁᚾᚪᚱᛏᛁᚳᚢᛚᚪᛏᛖᛚᚣ,746
comprehensives,58842,0,ᚳᚩᛗᛈᚱᛖᚻᛖᚾᛋᛁᚢᛖᛋ,538
lepidopterists,58625,0,ᛚᛖᛈᛁᛞᚩᛈᛏᛖᚱᛁᛋᛏᛋ,686
impregnability,58609,0,ᛁᛗᛈᚱᛖᚷᚾᚪᛒᛁᛚᛁᛏᚣ,724
procrastinator,58474,0,ᛈᚱᚩᚳᚱᚪᛋᛏᛁᚾᚪᛏᚩᚱ,528
scatterbrained,58473,0,ᛋᚳᚪᛏᛏᛖᚱᛒᚱᚪᛁᚾᛖᛞ,744
disappointedly,58314,0,ᛞᛁᛋᚪᛈᛈᚩᛁᚾᛏᛖᛞᛚᚣ,814
appendicectomy,58281,0,ᚪᛈᛈᛖᚾᛞᛁᚳᛖᚳᛏᚩᛗᚣ,732
articulateness,57977,0,ᚪᚱᛏᛁᚳᚢᛚᚪᛏᛖᚾᛖᛋᛋ,712
nonsynchronous,57741,0,ᚾᚩᚾᛋᚣᚾᚳᚻᚱᚩᚾᚩᚢᛋ,396
antiperspirant,57538,0,ᚪᚾᛏᛁᛈᛖᚱᛋᛈᛁᚱᚪᚾᛏ,660
misapplications,57393,0,ᛗᛁᛋᚪᛈᛈᛚᛁᚳᚪᛏᛡᚾᛋ,800
externalisation,57384,0,ᛖᛉᛏᛖᚱᚾᚪᛚᛁᛋᚪᛏᛡᚾ,826
mistranslations,57326,0,ᛗᛁᛋᛏᚱᚪᚾᛋᛚᚪᛏᛡᚾᛋ,822
serviceableness,57217,0,ᛋᛖᚱᚢᛁᚳᛠᛒᛚᛖᚾᛖᛋᛋ,690
counterpointed,57085,0,ᚳᚩᚢᚾᛏᛖᚱᛈᚩᛁᚾᛏᛖᛞ,514
perissodactyla,56922,0,ᛈᛖᚱᛁᛋᛋᚩᛞᚪᚳᛏᚣᛚᚪ,796
groundskeepers,56911,0,ᚷᚱᚩᚢᚾᛞᛋᚳᛖᛖᛈᛖᚱᛋ,530
undomesticated,56663,0,ᚢᚾᛞᚩᛗᛖᛋᛏᛁᚳᚪᛏᛖᛞ,734
metamathematics,56503,0,ᛗᛖᛏᚪᛗᚪᚦᛖᛗᚪᛏᛁᚳᛋ,858
refractometers,56145,0,ᚱᛖᚠᚱᚪᚳᛏᚩᛗᛖᛏᛖᚱᛋ,595
micrometeorites,55960,0,ᛗᛁᚳᚱᚩᛗᛖᛏᛇᚱᛁᛏᛖᛋ,592
corruptibility,55761,0,ᚳᚩᚱᚱᚢᛈᛏᛁᛒᛁᛚᛁᛏᚣ,536
pasteurellosis,55743,0,ᛈᚪᛋᛏᛖᚢᚱᛖᛚᛚᚩᛋᛁᛋ,690
illustratively,55704,0,ᛁᛚᛚᚢᛋᛏᚱᚪᛏᛁᚢᛖᛚᚣ,736
punctiliousness,55685,0,ᛈᚢᚾᚳᛏᛁᛚᛡᚢᛋᚾᛖᛋᛋ,616
unsynchronized,55401,0,ᚢᚾᛋᚣᚾᚳᚻᚱᚩᚾᛁᛋᛖᛞ,540
efflorescences,55150,0,ᛖᚠᚠᛚᚩᚱᛖᛋᚳᛖᚾᚳᛖᛋ,524
irremovability,55103,0,ᛁᚱᚱᛖᛗᚩᚢᚪᛒᛁᛚᛁᛏᚣ,656
unsuitableness,54798,0,ᚢᚾᛋᚢᛁᛏᚪᛒᛚᛖᚾᛖᛋᛋ,678
nonconsecutive,54756,0,ᚾᚩᚾᚳᚩᚾᛋᛖᚳᚢᛏᛁᚢᛖ,410
contemporarily,54496,0,ᚳᚩᚾᛏᛖᛗᛈᚩᚱᚪᚱᛁᛚᚣ,622
compulsiveness,54486,0,ᚳᚩᛗᛈᚢᛚᛋᛁᚢᛖᚾᛖᛋᛋ,566
sesquichloride,54356,0,ᛋᛖᛋᚳᚹᛁᚳᚻᛚᚩᚱᛁᛞᛖ,550
nonequivalence,54280,0,ᚾᚩᚾᛖᚳᚹᛁᚢᚪᛚᛖᚾᚳᛖ,544
sentimentalize,54025,0,ᛋᛖᚾᛏᛁᛗᛖᚾᛏᚪᛚᛁᛋᛖ,786
insurrectionist,54011,0,ᛁᚾᛋᚢᚱᚱᛖᚳᛏᛡᚾᛁᛋᛏ,556
latitudinarians,53886,0,ᛚᚪᛏᛁᛏᚢᛞᛁᚾᚪᚱᛡᚾᛋ,768
prosencephalon,53719,0,ᛈᚱᚩᛋᛖᚾᚳᛖᛈᚻᚪᛚᚩᚾ,562
disenfranchising,53575,0,ᛞᛁᛋᛖᚾᚠᚱᚪᚾᚳᚻᛁᛋᛝ,607
rationalisations,53508,0,ᚱᚪᛏᛡᚾᚪᛚᛁᛋᚪᛏᛡᚾᛋ,902
manipulability,53435,0,ᛗᚪᚾᛁᛈᚢᛚᚪᛒᛁᛚᛁᛏᚣ,802
interarticular,53355,0,ᛁᚾᛏᛖᚱᚪᚱᛏᛁᚳᚢᛚᚪᚱ,592
parasitologist,53341,0,ᛈᚪᚱᚪᛋᛁᛏᚩᛚᚩᚷᛁᛋᛏ,638
unrestrictedly,52796,0,ᚢᚾᚱᛖᛋᛏᚱᛁᚳᛏᛖᛞᛚᚣ,668
photoconduction,52154,0,ᛈᚻᚩᛏᚩᚳᚩᚾᛞᚢᚳᛏᛡᚾ,488
instructorship,52112,0,ᛁᚾᛋᛏᚱᚢᚳᛏᚩᚱᛋᚻᛁᛈ,426
unskillfulness,51879,0,ᚢᚾᛋᚳᛁᛚᛚᚠᚢᛚᚾᛖᛋᛋ,555
megakaryocytic,51485,0,ᛗᛖᚷᚪᚳᚪᚱᚣᚩᚳᚣᛏᛁᚳ,702
ineffectuality,51024,0,ᛁᚾᛖᚠᚠᛖᚳᛏᚢᚪᛚᛁᛏᚣ,636
respectfulness,50881,0,ᚱᛖᛋᛈᛖᚳᛏᚠᚢᛚᚾᛖᛋᛋ,593
commissionaires,50526,0,ᚳᚩᛗᛗᛁᛋᛋᛡᚾᚪᛁᚱᛖᛋ,694
intransitivity,50461,0,ᛁᚾᛏᚱᚪᚾᛋᛁᛏᛁᚢᛁᛏᚣ,626
effortlessness,49392,0,ᛖᚠᚠᚩᚱᛏᛚᛖᛋᛋᚾᛖᛋᛋ,596
astrologically,49357,0,ᚪᛋᛏᚱᚩᛚᚩᚷᛁᚳᚪᛚᛚᚣ,714
metropolitical,49290,0,ᛗᛖᛏᚱᚩᛈᚩᛚᛁᛏᛁᚳᚪᛚ,642
hermaphroditus,49203,0,ᚻᛖᚱᛗᚪᛈᚻᚱᚩᛞᛁᛏᚢᛋ,588
particularizes,49105,0,ᛈᚪᚱᛏᛁᚳᚢᛚᚪᚱᛁᛋᛖᛋ,642
intransitively,48997,0,ᛁᚾᛏᚱᚪᚾᛋᛁᛏᛁᚢᛖᛚᚣ,676
sentimentalizing,48890,0,ᛋᛖᚾᛏᛁᛗᛖᚾᛏᚪᛚᛁᛋᛝ,798
discriminatingly,48717,0,ᛞᛁᛋᚳᚱᛁᛗᛁᚾᚪᛏᛝᛚᚣ,770
sententiousness,48653,0,ᛋᛖᚾᛏᛖᚾᛏᛡᚢᛋᚾᛖᛋᛋ,728
abortifacients,48606,0,ᚪᛒᚩᚱᛏᛁᚠᚪᚳᛁᛖᚾᛏᛋ,617
cryptographers,48084,1,ᚳᚱᚣᛈᛏᚩᚷᚱᚪᛈᚻᛖᚱᛋ,558
fictionalization,48017,0,ᚠᛁᚳᛏᛡᚾᚪᛚᛁᛋᚪᛏᛡᚾ,787
philanthropical,47996,0,ᛈᚻᛁᛚᚪᚾᚦᚱᚩᛈᛁᚳᚪᛚ,576
superinfections,47936,0,ᛋᚢᛈᛖᚱᛁᚾᚠᛖᚳᛏᛡᚾᛋ,567
tablespoonsful,47410,0,ᛏᚪᛒᛚᛖᛋᛈᚩᚩᚾᛋᚠᚢᛚ,627
indemonstrable,47256,0,ᛁᚾᛞᛖᛗᚩᚾᛋᛏᚱᚪᛒᛚᛖ,744
sacramentalism,46951,0,ᛋᚪᚳᚱᚪᛗᛖᚾᛏᚪᛚᛁᛋᛗ,822
conductibility,46692,0,ᚳᚩᚾᛞᚢᚳᛏᛁᛒᛁᛚᛁᛏᚣ,602
rhinencephalon,46520,0,ᚱᚻᛁᚾᛖᚾᚳᛖᛈᚻᚪᛚᚩᚾ,542
reintroductions,46422,0,ᚱᛖᛁᚾᛏᚱᚩᛞᚢᚳᛏᛡᚾᛋ,568
antiepileptics,46376,0,ᚪᚾᛏᛁᛖᛈᛁᛚᛖᛈᛏᛁᚳᛋ,696
interpretively,46291,0,ᛁᚾᛏᛖᚱᛈᚱᛖᛏᛁᚢᛖᛚᚣ,654
photosynthesize,46167,0,ᛈᚻᚩᛏᚩᛋᚣᚾᚦᛖᛋᛁᛋᛖ,600
northwestwardly,45624,0,ᚾᚩᚱᚦᚹᛖᛋᛏᚹᚪᚱᛞᛚᚣ,642
overgeneralize,45470,0,ᚩᚢᛖᚱᚷᛖᚾᛖᚱᚪᛚᛁᛋᛖ,600
prescriptively,45463,0,ᛈᚱᛖᛋᚳᚱᛁᛈᛏᛁᚢᛖᛚᚣ,608
unconstructive,45245,0,ᚢᚾᚳᚩᚾᛋᛏᚱᚢᚳᛏᛁᚢᛖ,380
spermatophytes,44804,0,ᛋᛈᛖᚱᛗᚪᛏᚩᛈᚻᚣᛏᛖᛋ,756
ungrammatically,44673,0,ᚢᛝᚱᚪᛗᛗᚪᛏᛁᚳᚪᛚᛚᚣ,878
definitiveness,44560,0,ᛞᛖᚠᛁᚾᛁᛏᛁᚢᛖᚾᛖᛋᛋ,611
inconsideration,44191,0,ᛁᚾᚳᚩᚾᛋᛁᛞᛖᚱᚪᛏᛡᚾ,652
episcopalianism,44113,0,ᛖᛈᛁᛋᚳᚩᛈᚪᛚᛡᚾᛁᛋᛗ,718
southwestwardly,43892,0,ᛋᚩᚢᚦᚹᛖᛋᛏᚹᚪᚱᛞᛚᚣ,658
subversiveness,43679,0,ᛋᚢᛒᚢᛖᚱᛋᛁᚢᛖᚾᛖᛋᛋ,554
irreproducible,43270,0,ᛁᚱᚱᛖᛈᚱᚩᛞᚢᚳᛁᛒᛚᛖ,518
unenfranchised,43207,0,ᚢᚾᛖᚾᚠᚱᚪᚾᚳᚻᛁᛋᛖᛞ,543
shamefacedness,43083,0,ᛋᚻᚪᛗᛖᚠᚪᚳᛖᛞᚾᛖᛋᛋ,781
irreproachably,43011,0,ᛁᚱᚱᛖᛈᚱᚩᚪᚳᚻᚪᛒᛚᚣ,648
understructure,42733,0,ᚢᚾᛞᛖᚱᛋᛏᚱᚢᚳᛏᚢᚱᛖ,478
appendectomies,42568,0,ᚪᛈᛈᛖᚾᛞᛖᚳᛏᚩᛗᛁᛖᛋ,736
delightfulness,42510,0,ᛞᛖᛚᛁᚷᚻᛏᚠᚢᛚᚾᛖᛋᛋ,639
vivisectionists,42283,0,ᚢᛁᚢᛁᛋᛖᚳᛏᛡᚾᛁᛋᛏᛋ,592
amateurishness,42269,0,ᚪᛗᚪᛏᛖᚢᚱᛁᛋᚻᚾᛖᛋᛋ,714
tautologically,41881,0,ᛏᚪᚢᛏᚩᛚᚩᚷᛁᚳᚪᛚᛚᚣ,712
prognosticator,41784,0,ᛈᚱᚩᚷᚾᚩᛋᛏᛁᚳᚪᛏᚩᚱ,444
unrefrigerated,41637,0,ᚢᚾᚱᛖᚠᚱᛁᚷᛖᚱᚪᛏᛖᛞ,561
unfruitfulness,41279,0,ᚢᚾᚠᚱᚢᛁᛏᚠᚢᛚᚾᛖᛋᛋ,418
furfuraldehyde,41198,0,ᚠᚢᚱᚠᚢᚱᚪᛚᛞᛖᚻᚣᛞᛖ,640
cosmologically,40806,0,ᚳᚩᛋᛗᚩᛚᚩᚷᛁᚳᚪᛚᛚᚣ,638
ventriloquists,40789,0,ᚢᛖᚾᛏᚱᛁᛚᚩᚳᚹᛁᛋᛏᛋ,508
contrapuntally,40681,0,ᚳᚩᚾᛏᚱᚪᛈᚢᚾᛏᚪᛚᛚᚣ,696
unreciprocated,40618,0,ᚢᚾᚱᛖᚳᛁᛈᚱᚩᚳᚪᛏᛖᛞ,540
labyrinthodonts,40576,0,ᛚᚪᛒᚣᚱᛁᚾᚦᚩᛞᚩᚾᛏᛋ,654
plausibilities,40563,0,ᛈᛚᚪᚢᛋᛁᛒᛁᛚᛁᛏᛁᛖᛋ,706
prescriptivism,40545,0,ᛈᚱᛖᛋᚳᚱᛁᛈᛏᛁᚢᛁᛋᛗ,520
indispensables,40534,0,ᛁᚾᛞᛁᛋᛈᛖᚾᛋᚪᛒᛚᛖᛋ,776
whortleberries,40478,0,ᚹᚻᚩᚱᛏᛚᛖᛒᛖᚱᚱᛁᛖᛋ,560
homogeneousness,40206,0,ᚻᚩᛗᚩᚷᛖᚾᛇᚢᛋᚾᛖᛋᛋ,520
interestedness,40105,0,ᛁᚾᛏᛖᚱᛖᛋᛏᛖᛞᚾᛖᛋᛋ,734
camelopardalis,39968,0,ᚳᚪᛗᛖᛚᚩᛈᚪᚱᛞᚪᛚᛁᛋ,822
fortunetellers,39704,0,ᚠᚩᚱᛏᚢᚾᛖᛏᛖᛚᛚᛖᚱᛋ,581
radiotelephones,39545,0,ᚱᚪᛞᛡᛏᛖᛚᛖᛈᚻᚩᚾᛖᛋ,792
goodfellowship,39393,0,ᚷᚩᚩᛞᚠᛖᛚᛚᚩᚹᛋᚻᛁᛈ,511
gratuitousness,39258,0,ᚷᚱᚪᛏᚢᛁᛏᚩᚢᛋᚾᛖᛋᛋ,542
plainclothesmen,39011,0,ᛈᛚᚪᛁᚾᚳᛚᚩᚦᛖᛋᛗᛖᚾ,658
unaccommodated,38846,0,ᚢᚾᚪᚳᚳᚩᛗᛗᚩᛞᚪᛏᛖᛞ,712
countermarched,38812,0,ᚳᚩᚢᚾᛏᛖᚱᛗᚪᚱᚳᚻᛖᛞ,560
repressiveness,38488,0,ᚱᛖᛈᚱᛖᛋᛋᛁᚢᛖᚾᛖᛋᛋ,608
hypostatization,38113,0,ᚻᚣᛈᚩᛋᛏᚪᛏᛁᛋᚪᛏᛡᚾ,820
cosmographical,38070,0,ᚳᚩᛋᛗᚩᚷᚱᚪᛈᚻᛁᚳᚪᛚ,556
abstractionists,37992,0,ᚪᛒᛋᛏᚱᚪᚳᛏᛡᚾᛁᛋᛏᛋ,782
whippersnapper,37850,0,ᚹᚻᛁᛈᛈᛖᚱᛋᚾᚪᛈᛈᛖᚱ,580
circumlocutory,37705,0,ᚳᛁᚱᚳᚢᛗᛚᚩᚳᚢᛏᚩᚱᚣ,418
superordination,37648,0,ᛋᚢᛈᛖᚱᚩᚱᛞᛁᚾᚪᛏᛡᚾ,636
demagnetisation,37516,0,ᛞᛖᛗᚪᚷᚾᛖᛏᛁᛋᚪᛏᛡᚾ,872
unextinguishable,37474,0,ᚢᚾᛖᛉᛏᛝᚢᛁᛋᚻᚪᛒᛚᛖ,692
pseudospectral,37381,0,ᛈᛋᛖᚢᛞᚩᛋᛈᛖᚳᛏᚱᚪᛚ,678
impressibility,37213,0,ᛁᛗᛈᚱᛖᛋᛋᛁᛒᛁᛚᛁᛏᚣ,718
nondevelopment,37201,0,ᚾᚩᚾᛞᛖᚢᛖᛚᚩᛈᛗᛖᚾᛏ,640
deconstructions,37151,0,ᛞᛖᚳᚩᚾᛋᛏᚱᚢᚳᛏᛡᚾᛋ,592
prechlorination,37022,0,ᛈᚱᛖᚳᚻᛚᚩᚱᛁᚾᚪᛏᛡᚾ,600
perfectability,36984,0,ᛈᛖᚱᚠᛖᚳᛏᚪᛒᛁᛚᛁᛏᚣ,717
unexceptionably,36885,0,ᚢᚾᛖᛉᚳᛖᛈᛏᛡᚾᚪᛒᛚᚣ,798
overzealousness,36328,0,ᚩᚢᛖᚱᛋᛠᛚᚩᚢᛋᚾᛖᛋᛋ,588
chieftainships,36144,0,ᚳᚻᛁᛖᚠᛏᚪᛁᚾᛋᚻᛁᛈᛋ,555
refurbishments,35849,0,ᚱᛖᚠᚢᚱᛒᛁᛋᚻᛗᛖᚾᛏᛋ,541
unpretentiously,35818,0,ᚢᚾᛈᚱᛖᛏᛖᚾᛏᛡᚢᛋᛚᚣ,706
principalships,35542,0,ᛈᚱᛁᚾᚳᛁᛈᚪᛚᛋᚻᛁᛈᛋ,574
endocervicitis,35396,0,ᛖᚾᛞᚩᚳᛖᚱᚢᛁᚳᛁᛏᛁᛋ,504
uncrystallized,35295,0,ᚢᚾᚳᚱᚣᛋᛏᚪᛚᛚᛁᛋᛖᛞ,754
inconsequently,35216,0,ᛁᚾᚳᚩᚾᛋᛖᚳᚹᛖᚾᛏᛚᚣ,592
circumambulate,35119,0,ᚳᛁᚱᚳᚢᛗᚪᛗᛒᚢᛚᚪᛏᛖ,670
nonindependent,35104,0,ᚾᚩᚾᛁᚾᛞᛖᛈᛖᚾᛞᛖᚾᛏ,664
sanctimoniously,34931,0,ᛋᚪᚾᚳᛏᛁᛗᚩᚾᛡᚢᛋᛚᚣ,728
thermoregulator,34734,0,ᚦᛖᚱᛗᚩᚱᛖᚷᚢᛚᚪᛏᚩᚱ,506
whimsicalities,34614,0,ᚹᚻᛁᛗᛋᛁᚳᚪᛚᛁᛏᛁᛖᛋ,652
microbreweries,34596,0,ᛗᛁᚳᚱᚩᛒᚱᛖᚹᛖᚱᛁᛖᛋ,520
cumbersomeness,34555,0,ᚳᚢᛗᛒᛖᚱᛋᚩᛗᛖᚾᛖᛋᛋ,626
myelencephalon,34538,0,ᛗᚣᛖᛚᛖᚾᚳᛖᛈᚻᚪᛚᚩᚾ,762
holometabolous,34519,0,ᚻᚩᛚᚩᛗᛖᛏᚪᛒᚩᛚᚩᚢᛋ,608
misappropriates,34157,0,ᛗᛁᛋᚪᛈᛈᚱᚩᛈᚱᛡᛏᛖᛋ,696
enlightenments,34033,0,ᛖᚾᛚᛁᚷᚻᛏᛖᚾᛗᛖᚾᛏᛋ,674
newfoundlander,33997,0,ᚾᛖᚹᚠᚩᚢᚾᛞᛚᚪᚾᛞᛖᚱ,611
efficaciousness,33761,0,ᛖᚠᚠᛁᚳᚪᚳᛡᚢᛋᚾᛖᛋᛋ,590
pyroelectricity,33579,0,ᛈᚣᚱᛟᛚᛖᚳᛏᚱᛁᚳᛁᛏᚣ,700
premeditatedly,33438,0,ᛈᚱᛖᛗᛖᛞᛁᛏᚪᛏᛖᛞᛚᚣ,926
tergiversations,33266,0,ᛏᛖᚱᚷᛁᚢᛖᚱᛋᚪᛏᛡᚾᛋ,664
peremptoriness,33255,0,ᛈᛖᚱᛖᛗᛈᛏᚩᚱᛁᚾᛖᛋᛋ,612
preceptorships,33092,0,ᛈᚱᛖᚳᛖᛈᛏᚩᚱᛋᚻᛁᛈᛋ,524
intelligencers,33082,0,ᛁᚾᛏᛖᛚᛚᛁᚷᛖᚾᚳᛖᚱᛋ,620
acanthocephalan,33041,0,ᚪᚳᚪᚾᚦᚩᚳᛖᛈᚻᚪᛚᚪᚾ,690
repetitiousness,33009,0,ᚱᛖᛈᛖᛏᛁᛏᛡᚢᛋᚾᛖᛋᛋ,702
highhandedness,32879,0,ᚻᛁᚷᚻᚻᚪᚾᛞᛖᛞᚾᛖᛋᛋ,690
unattractively,32867,0,ᚢᚾᚪᛏᛏᚱᚪᚳᛏᛁᚢᛖᛚᚣ,704
unknowledgeable,32608,0,ᚢᚾᚳᚾᚩᚹᛚᛖᛞᚷᛠᛒᛚᛖ,656
popularizations,32514,0,ᛈᚩᛈᚢᛚᚪᚱᛁᛋᚪᛏᛡᚾᛋ,706
charitableness,32384,0,ᚳᚻᚪᚱᛁᛏᚪᛒᛚᛖᚾᛖᛋᛋ,734
hypercriticism,32329,0,ᚻᚣᛈᛖᚱᚳᚱᛁᛏᛁᚳᛁᛋᛗ,560
tendentiousness,32295,0,ᛏᛖᚾᛞᛖᚾᛏᛡᚢᛋᚾᛖᛋᛋ,764
dispensability,32170,0,ᛞᛁᛋᛈᛖᚾᛋᚪᛒᛁᛚᛁᛏᚣ,820
conservatoires,32144,0,ᚳᚩᚾᛋᛖᚱᚢᚪᛏᚩᛁᚱᛖᛋ,508
epigrammatists,32126,0,ᛖᛈᛁᚷᚱᚪᛗᛗᚪᛏᛁᛋᛏᛋ,760
disembarrassed,32108,0,ᛞᛁᛋᛖᛗᛒᚪᚱᚱᚪᛋᛋᛖᛞ,850
comprehensibly,31880,0,ᚳᚩᛗᛈᚱᛖᚻᛖᚾᛋᛁᛒᛚᚣ,652
perissodactyls,31722,0,ᛈᛖᚱᛁᛋᛋᚩᛞᚪᚳᛏᚣᛚᛋ,752
pseudoscorpions,31218,0,ᛈᛋᛖᚢᛞᚩᛋᚳᚩᚱᛈᛡᚾᛋ,578
disconnectedly,30857,0,ᛞᛁᛋᚳᚩᚾᚾᛖᚳᛏᛖᛞᛚᚣ,722
flirtatiousness,30847,0,ᚠᛚᛁᚱᛏᚪᛏᛡᚢᛋᚾᛖᛋᛋ,697
dolichocephaly,30744,0,ᛞᚩᛚᛁᚳᚻᚩᚳᛖᛈᚻᚪᛚᚣ,662
myrmecophilous,30681,0,ᛗᚣᚱᛗᛖᚳᚩᛈᚻᛁᛚᚩᚢᛋ,576
trisaccharides,30535,0,ᛏᚱᛁᛋᚪᚳᚳᚻᚪᚱᛁᛞᛖᛋ,648
subjectiveness,30530,0,ᛋᚢᛒᛂᛖᚳᛏᛁᚢᛖᚾᛖᛋᛋ,596
faintheartedness,30410,0,ᚠᚪᛁᚾᚦᛠᚱᛏᛖᛞᚾᛖᛋᛋ,701
controvertible,30263,0,ᚳᚩᚾᛏᚱᚩᚢᛖᚱᛏᛁᛒᛚᛖ,498
imperativeness,30089,0,ᛁᛗᛈᛖᚱᚪᛏᛁᚢᛖᚾᛖᛋᛋ,682
centrifugations,30048,0,ᚳᛖᚾᛏᚱᛁᚠᚢᚷᚪᛏᛡᚾᛋ,577
inconsiderably,30007,0,ᛁᚾᚳᚩᚾᛋᛁᛞᛖᚱᚪᛒᛚᚣ,694
chlorophyllous,29907,0,ᚳᚻᛚᚩᚱᚩᛈᚻᚣᛚᛚᚩᚢᛋ,512
photoelectrical,29884,0,ᛈᚻᚩᛏᛟᛚᛖᚳᛏᚱᛁᚳᚪᛚ,652
inadvertencies,29729,0,ᛁᚾᚪᛞᚢᛖᚱᛏᛖᚾᚳᛁᛖᛋ,646
gynandromorphs,29642,0,ᚷᚣᚾᚪᚾᛞᚱᚩᛗᚩᚱᛈᚻᛋ,590
mesdemoiselles,29622,0,ᛗᛖᛋᛞᛖᛗᚩᛁᛋᛖᛚᛚᛖᛋ,842
distemperature,29610,0,ᛞᛁᛋᛏᛖᛗᛈᛖᚱᚪᛏᚢᚱᛖ,728
righteousnesses,29509,0,ᚱᛁᚷᚻᛏᛇᚢᛋᚾᛖᛋᛋᛖᛋ,560
detribalization,29453,0,ᛞᛖᛏᚱᛁᛒᚪᛚᛁᛋᚪᛏᛡᚾ,864
sensationalists,29448,0,ᛋᛖᚾᛋᚪᛏᛡᚾᚪᛚᛁᛋᛏᛋ,860
phlegmatically,29385,0,ᛈᚻᛚᛖᚷᛗᚪᛏᛁᚳᚪᛚᛚᚣ,840
burdensomeness,29174,0,ᛒᚢᚱᛞᛖᚾᛋᚩᛗᛖᚾᛖᛋᛋ,660
constabularies,29033,0,ᚳᚩᚾᛋᛏᚪᛒᚢᛚᚪᚱᛁᛖᛋ,654
scapulohumeral,28999,0,ᛋᚳᚪᛈᚢᛚᚩᚻᚢᛗᛖᚱᚪᛚ,634
acetphenetidin,28896,0,ᚪᚳᛖᛏᛈᚻᛖᚾᛖᛏᛁᛞᛁᚾ,704
disjointedness,28684,0,ᛞᛁᛋᛂᚩᛁᚾᛏᛖᛞᚾᛖᛋᛋ,694
continuousness,28637,0,ᚳᚩᚾᛏᛁᚾᚢᚩᚢᛋᚾᛖᛋᛋ,436
amorphophallus,28506,0,ᚪᛗᚩᚱᛈᚻᚩᛈᚻᚪᛚᛚᚢᛋ,624
successfulness,28456,0,ᛋᚢᚳᚳᛖᛋᛋᚠᚢᛚᚾᛖᛋᛋ,535
pronunciamentos,28450,0,ᛈᚱᚩᚾᚢᚾᚳᛡᛗᛖᚾᛏᚩᛋ,528
kinesthetically,28427,0,ᚳᛁᚾᛖᛋᚦᛖᛏᛁᚳᚪᛚᛚᚣ,714
stretchability,28291,0,ᛋᛏᚱᛖᛏᚳᚻᚪᛒᛁᛚᛁᛏᚣ,740
solicitousness,28218,0,ᛋᚩᛚᛁᚳᛁᛏᚩᚢᛋᚾᛖᛋᛋ,532
unacquaintance,28096,0,ᚢᚾᚪᚳᚳᚹᚪᛁᚾᛏᚪᚾᚳᛖ,596
hardheartedness,27870,0,ᚻᚪᚱᛞᚻᛠᚱᛏᛖᛞᚾᛖᛋᛋ,780
legalistically,27688,0,ᛚᛖᚷᚪᛚᛁᛋᛏᛁᚳᚪᛚᛚᚣ,860
emancipationist,27680,0,ᛖᛗᚪᚾᚳᛁᛈᚪᛏᛡᚾᛁᛋᛏ,786
ubiquitousness,27636,0,ᚢᛒᛁᚳᚹᛁᛏᚩᚢᛋᚾᛖᛋᛋ,482
friendlessness,27488,0,ᚠᚱᛁᛖᚾᛞᛚᛖᛋᛋᚾᛖᛋᛋ,677
thoracocentesis,26938,0,ᚦᚩᚱᚪᚳᚩᚳᛖᚾᛏᛖᛋᛁᛋ,512
chemicalization,26756,0,ᚳᚻᛖᛗᛁᚳᚪᛚᛁᛋᚪᛏᛡᚾ,764
instructresses,26591,0,ᛁᚾᛋᛏᚱᚢᚳᛏᚱᛖᛋᛋᛖᛋ,562
countermarches,26584,0,ᚳᚩᚢᚾᛏᛖᚱᛗᚪᚱᚳᚻᛖᛋ,524
resurrectionist,26547,0,ᚱᛖᛋᚢᚱᚱᛖᚳᛏᛡᚾᛁᛋᛏ,574
newspaperwoman,26443,0,ᚾᛖᚹᛋᛈᚪᛈᛖᚱᚹᚩᛗᚪᚾ,652
nonbelligerent,26369,0,ᚾᚩᚾᛒᛖᛚᛚᛁᚷᛖᚱᛖᚾᛏ,620
miscellaneously,26330,0,ᛗᛁᛋᚳᛖᛚᛚᚪᚾᛇᚢᛋᛚᚣ,780
pachydermatous,26323,0,ᛈᚪᚳᚻᚣᛞᛖᚱᛗᚪᛏᚩᚢᛋ,736
alphanumerical,26240,0,ᚪᛚᛈᚻᚪᚾᚢᛗᛖᚱᛁᚳᚪᛚ,728
photoheliograph,26218,0,ᛈᚻᚩᛏᚩᚻᛖᛚᛡᚷᚱᚪᛈᚻ,600
overscrupulous,26180,0,ᚩᚢᛖᚱᛋᚳᚱᚢᛈᚢᛚᚩᚢᛋ,350
acceptableness,26115,0,ᚪᚳᚳᛖᛈᛏᚪᛒᛚᛖᚾᛖᛋᛋ,792
independencies,25941,0,ᛁᚾᛞᛖᛈᛖᚾᛞᛖᚾᚳᛁᛖᛋ,704
valetudinarians,25848,0,ᚢᚪᛚᛖᛏᚢᛞᛁᚾᚪᚱᛡᚾᛋ,748
supersonically,25803,0,ᛋᚢᛈᛖᚱᛋᚩᚾᛁᚳᚪᛚᛚᚣ,656
kindheartedness,25800,0,ᚳᛁᚾᛞᚻᛠᚱᛏᛖᛞᚾᛖᛋᛋ,722
preponderatingly,25707,0,ᛈᚱᛖᛈᚩᚾᛞᛖᚱᚪᛏᛝᛚᚣ,778
transvestitism,25523,0,ᛏᚱᚪᚾᛋᚢᛖᛋᛏᛁᛏᛁᛋᛗ,676
chorographical,25515,0,ᚳᚻᚩᚱᚩᚷᚱᚪᛈᚻᛁᚳᚪᛚ,466
procrastinates,25473,0,ᛈᚱᚩᚳᚱᚪᛋᛏᛁᚾᚪᛏᛖᛋ,630
redevelopments,25454,0,ᚱᛖᛞᛖᚢᛖᛚᚩᛈᛗᛖᚾᛏᛋ,706
mephistophelean,25356,0,ᛗᛖᛈᚻᛁᛋᛏᚩᛈᚻᛖᛚᛠᚾ,698
unattributable,24984,0,ᚢᚾᚪᛏᛏᚱᛁᛒᚢᛏᚪᛒᛚᛖ,710
dismemberments,24502,0,ᛞᛁᛋᛗᛖᛗᛒᛖᚱᛗᛖᚾᛏᛋ,800
hydrosulphuret,24464,0,ᚻᚣᛞᚱᚩᛋᚢᛚᛈᚻᚢᚱᛖᛏ,568
nationalisations,24429,0,ᚾᚪᛏᛡᚾᚪᛚᛁᛋᚪᛏᛡᚾᛋ,920
spontaneousness,24369,0,ᛋᛈᚩᚾᛏᚪᚾᛇᚢᛋᚾᛖᛋᛋ,616
plainclothesman,24267,0,ᛈᛚᚪᛁᚾᚳᛚᚩᚦᛖᛋᛗᚪᚾ,688
dermatomycosis,24200,0,ᛞᛖᚱᛗᚪᛏᚩᛗᚣᚳᚩᛋᛁᛋ,732
unpalatability,23916,0,ᚢᚾᛈᚪᛚᚪᛏᚪᛒᛁᛚᛁᛏᚣ,856
decorativeness,23898,0,ᛞᛖᚳᚩᚱᚪᛏᛁᚢᛖᚾᛖᛋᛋ,646
diminutiveness,23815,0,ᛞᛁᛗᛁᚾᚢᛏᛁᚢᛖᚾᛖᛋᛋ,616
prognosticates,23767,0,ᛈᚱᚩᚷᚾᚩᛋᛏᛁᚳᚪᛏᛖᛋ,546
shortsightedly,23760,0,ᛋᚻᚩᚱᛏᛋᛁᚷᚻᛏᛖᛞᛚᚣ,668
ungentlemanlike,23693,0,ᚢᛝᛖᚾᛏᛚᛖᛗᚪᚾᛚᛁᚳᛖ,758
portentousness,23644,0,ᛈᚩᚱᛏᛖᚾᛏᚩᚢᛋᚾᛖᛋᛋ,540
unrecognizably,23374,0,ᚢᚾᚱᛖᚳᚩᚷᚾᛁᛋᚪᛒᛚᚣ,594
confectionaries,23358,0,ᚳᚩᚾᚠᛖᚳᛏᛡᚾᚪᚱᛁᛖᛋ,585
underpopulation,23341,0,ᚢᚾᛞᛖᚱᛈᚩᛈᚢᛚᚪᛏᛡᚾ,660
universalities,23302,0,ᚢᚾᛁᚢᛖᚱᛋᚪᛚᛁᛏᛁᛖᛋ,608
refractivities,23194,0,ᚱᛖᚠᚱᚪᚳᛏᛁᚢᛁᛏᛁᛖᛋ,535
inadaptability,23161,0,ᛁᚾᚪᛞᚪᛈᛏᚪᛒᛁᛚᛁᛏᚣ,900
disembowelment,23038,0,ᛞᛁᛋᛖᛗᛒᚩᚹᛖᛚᛗᛖᚾᛏ,764
constitutionals,22904,0,ᚳᚩᚾᛋᛏᛁᛏᚢᛏᛡᚾᚪᛚᛋ,672
kindergartener,22852,0,ᚳᛁᚾᛞᛖᚱᚷᚪᚱᛏᛖᚾᛖᚱ,598
microsporangium,22587,0,ᛗᛁᚳᚱᚩᛋᛈᚩᚱᚪᛝᛁᚢᛗ,528
circumstantials,22350,0,ᚳᛁᚱᚳᚢᛗᛋᛏᚪᚾᛏᛡᛚᛋ,672
ecclesiologists,22321,0,ᛖᚳᚳᛚᛖᛋᛡᛚᚩᚷᛁᛋᛏᛋ,686
crossopterygian,22310,0,ᚳᚱᚩᛋᛋᚩᛈᛏᛖᚱᚣᚷᛡᚾ,580
indigenousness,22285,0,ᛁᚾᛞᛁᚷᛖᚾᚩᚢᛋᚾᛖᛋᛋ,558
viticulturists,22260,0,ᚢᛁᛏᛁᚳᚢᛚᛏᚢᚱᛁᛋᛏᛋ,482
unreconcilable,22126,0,ᚢᚾᚱᛖᚳᚩᚾᚳᛁᛚᚪᛒᛚᛖ,574
meddlesomeness,22089,0,ᛗᛖᛞᛞᛚᛖᛋᚩᛗᛖᚾᛖᛋᛋ,856
chorioallantois,21998,0,ᚳᚻᚩᚱᛡᚪᛚᛚᚪᚾᛏᚩᛁᛋ,680
cephalhematoma,21996,0,ᚳᛖᛈᚻᚪᛚᚻᛖᛗᚪᛏᚩᛗᚪ,808
unintelligence,21927,0,ᚢᚾᛁᚾᛏᛖᛚᛚᛁᚷᛖᚾᚳᛖ,588
ophthalmoscopes,21895,0,ᚩᛈᚻᚦᚪᛚᛗᚩᛋᚳᚩᛈᛖᛋ,562
basidiomycetous,21865,0,ᛒᚪᛋᛁᛞᛡᛗᚣᚳᛖᛏᚩᚢᛋ,814
consuetudinary,21736,0,ᚳᚩᚾᛋᚢᛖᛏᚢᛞᛁᚾᚪᚱᚣ,594
unrestrainable,21734,0,ᚢᚾᚱᛖᛋᛏᚱᚪᛁᚾᚪᛒᛚᛖ,688
disparagements,21726,0,ᛞᛁᛋᛈᚪᚱᚪᚷᛖᛗᛖᚾᛏᛋ,784
irreconciliable,21434,0,ᛁᚱᚱᛖᚳᚩᚾᚳᛁᛚᛡᛒᛚᛖ,594
laryngopharyngeal,21236,0,ᛚᚪᚱᚣᛝᚩᛈᚻᚪᚱᚣᛝᛠᛚ,908
antiscorbutics,21154,0,ᚪᚾᛏᛁᛋᚳᚩᚱᛒᚢᛏᛁᚳᛋ,520
balanoposthitis,21148,0,ᛒᚪᛚᚪᚾᚩᛈᚩᛋᚦᛁᛏᛁᛋ,646
indebtednesses,21119,0,ᛁᚾᛞᛖᛒᛏᛖᛞᚾᛖᛋᛋᛖᛋ,814
semicircularly,20934,0,ᛋᛖᛗᛁᚳᛁᚱᚳᚢᛚᚪᚱᛚᚣ,650
impertinencies,20891,0,ᛁᛗᛈᛖᚱᛏᛁᚾᛖᚾᚳᛁᛖᛋ,602
ceremoniousness,20890,0,ᚳᛖᚱᛖᛗᚩᚾᛡᚢᛋᚾᛖᛋᛋ,630
incontrollable,20811,0,ᛁᚾᚳᚩᚾᛏᚱᚩᛚᛚᚪᛒᛚᛖ,630
intransigently,20620,0,ᛁᚾᛏᚱᚪᚾᛋᛁᚷᛖᚾᛏᛚᚣ,688
leptosporangiate,20488,0,ᛚᛖᛈᛏᚩᛋᛈᚩᚱᚪᛝᛡᛏᛖ,772
extemporization,20460,0,ᛖᛉᛏᛖᛗᛈᚩᚱᛁᛋᚪᛏᛡᚾ,748
septuagenarians,20453,0,ᛋᛖᛈᛏᚢᚪᚷᛖᚾᚪᚱᛡᚾᛋ,732
accomplishable,20444,0,ᚪᚳᚳᚩᛗᛈᛚᛁᛋᚻᚪᛒᛚᛖ,722
unexceptionally,20426,0,ᚢᚾᛖᛉᚳᛖᛈᛏᛡᚾᚪᛚᛚᚣ,810
overaggressive,20284,0,ᚩᚢᛖᚱᚪᚷᚷᚱᛖᛋᛋᛁᚢᛖ,504
rapprochements,20067,0,ᚱᚪᛈᛈᚱᚩᚳᚻᛖᛗᛖᚾᛏᛋ,594
archimandrites,20028,0,ᚪᚱᚳᚻᛁᛗᚪᚾᛞᚱᛁᛏᛖᛋ,682
sectionalization,19683,0,ᛋᛖᚳᛏᛡᚾᚪᛚᛁᛋᚪᛏᛡᚾ,874
electrologists,19681,0,ᛖᛚᛖᚳᛏᚱᚩᛚᚩᚷᛁᛋᛏᛋ,590
circumvolutions,19659,0,ᚳᛁᚱᚳᚢᛗᚢᚩᛚᚢᛏᛡᚾᛋ,476
unintermittent,19551,0,ᚢᚾᛁᚾᛏᛖᚱᛗᛁᛏᛏᛖᚾᛏ,604
successiveness,19490,0,ᛋᚢᚳᚳᛖᛋᛋᛁᚢᛖᚾᛖᛋᛋ,558
voluminousness,19333,0,ᚢᚩᛚᚢᛗᛁᚾᚩᚢᛋᚾᛖᛋᛋ,482
chemoreceptive,19144,0,ᚳᚻᛖᛗᚩᚱᛖᚳᛖᛈᛏᛁᚢᛖ,542
egocentrically,19073,0,ᛖᚷᚩᚳᛖᚾᛏᚱᛁᚳᚪᛚᛚᚣ,660
mismanagements,18996,0,ᛗᛁᛋᛗᚪᚾᚪᚷᛖᛗᛖᚾᛏᛋ,812
meritoriousness,18950,0,ᛗᛖᚱᛁᛏᚩᚱᛡᚢᛋᚾᛖᛋᛋ,622
chronometrical,18925,0,ᚳᚻᚱᚩᚾᚩᛗᛖᛏᚱᛁᚳᚪᛚ,512
untransferable,18693,0,ᚢᚾᛏᚱᚪᚾᛋᚠᛖᚱᚪᛒᛚᛖ,659
polymerisations,18625,0,ᛈᚩᛚᚣᛗᛖᚱᛁᛋᚪᛏᛡᚾᛋ,804
exhaustibility,18583,0,ᛖᛉᚻᚪᚢᛋᛏᛁᛒᛁᛚᛁᛏᚣ,738
inspectorships,18505,0,ᛁᚾᛋᛈᛖᚳᛏᚩᚱᛋᚻᛁᛈᛋ,516
dedifferentiate,18347,0,ᛞᛖᛞᛁᚠᚠᛖᚱᛖᚾᛏᛡᛏᛖ,746
marvellousness,18024,0,ᛗᚪᚱᚢᛖᛚᛚᚩᚢᛋᚾᛖᛋᛋ,660
inadequateness,18017,0,ᛁᚾᚪᛞᛖᚳᚹᚪᛏᛖᚾᛖᛋᛋ,770
deipnosophists,17979,0,ᛞᛖᛁᛈᚾᚩᛋᚩᛈᚻᛁᛋᛏᛋ,588
indomitability,17844,0,ᛁᚾᛞᚩᛗᛁᛏᚪᛒᛁᛚᛁᛏᚣ,772
manipulatively,17784,0,ᛗᚪᚾᛁᛈᚢᛚᚪᛏᛁᚢᛖᛚᚣ,780
catastrophists,17666,0,ᚳᚪᛏᚪᛋᛏᚱᚩᛈᚻᛁᛋᛏᛋ,658
contrabandista,17611,0,ᚳᚩᚾᛏᚱᚪᛒᚪᚾᛞᛁᛋᛏᚪ,732
thyroidectomies,17284,0,ᚦᚣᚱᚩᛁᛞᛖᚳᛏᚩᛗᛁᛖᛋ,614
uncompassionate,17241,0,ᚢᚾᚳᚩᛗᛈᚪᛋᛋᛡᚾᚪᛏᛖ,728
radiotelephonic,17153,0,ᚱᚪᛞᛡᛏᛖᛚᛖᛈᚻᚩᚾᛁᚳ,716
deceivableness,17152,0,ᛞᛖᚳᛖᛁᚢᚪᛒᛚᛖᚾᛖᛋᛋ,770
thromboplastins,17071,0,ᚦᚱᚩᛗᛒᚩᛈᛚᚪᛋᛏᛁᚾᛋ,600
oversolicitous,17059,0,ᚩᚢᛖᚱᛋᚩᛚᛁᚳᛁᛏᚩᚢᛋ,418
pleasurableness,17036,0,ᛈᛚᛠᛋᚢᚱᚪᛒᛚᛖᚾᛖᛋᛋ,792
polyphonically,16849,0,ᛈᚩᛚᚣᛈᚻᚩᚾᛁᚳᚪᛚᛚᚣ,718
undecomposable,16664,0,ᚢᚾᛞᛖᚳᚩᛗᛈᚩᛋᚪᛒᛚᛖ,680
fortuitousness,16628,0,ᚠᚩᚱᛏᚢᛁᛏᚩᚢᛋᚾᛖᛋᛋ,437
abstractedness,16533,0,ᚪᛒᛋᛏᚱᚪᚳᛏᛖᛞᚾᛖᛋᛋ,808
encephalograms,16528,0,ᛖᚾᚳᛖᛈᚻᚪᛚᚩᚷᚱᚪᛗᛋ,668
favourableness,16398,0,ᚠᚪᚢᚩᚢᚱᚪᛒᛚᛖᚾᛖᛋᛋ,623
chlorophyllose,16333,0,ᚳᚻᛚᚩᚱᚩᛈᚻᚣᛚᛚᚩᛋᛖ,576
hemimetabolous,16314,0,ᚻᛖᛗᛁᛗᛖᛏᚪᛒᚩᛚᚩᚢᛋ,690
insuppressible,16177,0,ᛁᚾᛋᚢᛈᛈᚱᛖᛋᛋᛁᛒᛚᛖ,618
committeewomen,16177,0,ᚳᚩᛗᛗᛁᛏᛏᛖᛖᚹᚩᛗᛖᚾ,638
obstreperously,16128,0,ᚩᛒᛋᛏᚱᛖᛈᛖᚱᚩᚢᛋᛚᚣ,618
materialisations,16028,0,ᛗᚪᛏᛖᚱᛡᛚᛁᛋᚪᛏᛡᚾᛋ,914
indestructibly,15995,0,ᛁᚾᛞᛖᛋᛏᚱᚢᚳᛏᛁᛒᛚᚣ,682
alphabetisation,15921,0,ᚪᛚᛈᚻᚪᛒᛖᛏᛁᛋᚪᛏᛡᚾ,896
miraculousness,15912,0,ᛗᛁᚱᚪᚳᚢᛚᚩᚢᛋᚾᛖᛋᛋ,564
anthropogenesis,15904,0,ᚪᚾᚦᚱᚩᛈᚩᚷᛖᚾᛖᛋᛁᛋ,516
thermoelectrical,15798,0,ᚦᛖᚱᛗᛟᛚᛖᚳᛏᚱᛁᚳᚪᛚ,674
norethandrolone,15749,0,ᚾᚩᚱᛖᚦᚪᚾᛞᚱᚩᛚᚩᚾᛖ,528
expeditiousness,15736,0,ᛖᛉᛈᛖᛞᛁᛏᛡᚢᛋᚾᛖᛋᛋ,768
surefootedness,15715,0,ᛋᚢᚱᛖᚠᚩᚩᛏᛖᛞᚾᛖᛋᛋ,567
discomfortable,15629,0,ᛞᛁᛋᚳᚩᛗᚠᚩᚱᛏᚪᛒᛚᛖ,641
unromantically,15558,0,ᚢᚾᚱᚩᛗᚪᚾᛏᛁᚳᚪᛚᛚᚣ,696
unaffectedness,15525,0,ᚢᚾᚪᚠᚠᛖᚳᛏᛖᛞᚾᛖᛋᛋ,630
foraminiferous,15483,0,ᚠᚩᚱᚪᛗᛁᚾᛁᚠᛖᚱᚩᚢᛋ,422
cryptoporticus,15379,0,ᚳᚱᚣᛈᛏᚩᛈᚩᚱᛏᛁᚳᚢᛋ,456
tatterdemalions,15339,0,ᛏᚪᛏᛏᛖᚱᛞᛖᛗᚪᛚᛡᚾᛋ,938
divertisements,15338,0,ᛞᛁᚢᛖᚱᛏᛁᛋᛖᛗᛖᚾᛏᛋ,690
conventionalize,15283,0,ᚳᚩᚾᚢᛖᚾᛏᛡᚾᚪᛚᛁᛋᛖ,664
contrabandists,15235,0,ᚳᚩᚾᛏᚱᚪᛒᚪᚾᛞᛁᛋᛏᛋ,688
contraindicating,15089,0,ᚳᚩᚾᛏᚱᚪᛁᚾᛞᛁᚳᚪᛏᛝ,644
unapprehensive,15009,0,ᚢᚾᚪᛈᛈᚱᛖᚻᛖᚾᛋᛁᚢᛖ,566
immaculateness,14955,0,ᛁᛗᛗᚪᚳᚢᛚᚪᛏᛖᚾᛖᛋᛋ,784
cytogeneticist,14944,0,ᚳᚣᛏᚩᚷᛖᚾᛖᛏᛁᚳᛁᛋᛏ,608
subterraneously,14889,0,ᛋᚢᛒᛏᛖᚱᚱᚪᚾᛇᚢᛋᛚᚣ,664
astronavigation,14857,0,ᚪᛋᛏᚱᚩᚾᚪᚢᛁᚷᚪᛏᛡᚾ,696
ineluctability,14824,0,ᛁᚾᛖᛚᚢᚳᛏᚪᛒᛁᛚᛁᛏᚣ,730
campylotropous,14733,0,ᚳᚪᛗᛈᚣᛚᚩᛏᚱᚩᛈᚩᚢᛋ,590
outlandishness,14723,0,ᚩᚢᛏᛚᚪᚾᛞᛁᛋᚻᚾᛖᛋᛋ,666
moralistically,14673,0,ᛗᚩᚱᚪᛚᛁᛋᛏᛁᚳᚪᛚᛚᚣ,792
radiotelegraphs,14667,0,ᚱᚪᛞᛡᛏᛖᛚᛖᚷᚱᚪᛈᚻᛋ,814
anthropophagous,14647,0,ᚪᚾᚦᚱᚩᛈᚩᛈᚻᚪᚷᚩᚢᛋ,442
infelicitously,14558,0,ᛁᚾᚠᛖᛚᛁᚳᛁᛏᚩᚢᛋᛚᚣ,575
undramatically,14457,0,ᚢᚾᛞᚱᚪᛗᚪᛏᛁᚳᚪᛚᛚᚣ,846
irresoluteness,14427,0,ᛁᚱᚱᛖᛋᚩᛚᚢᛏᛖᚾᛖᛋᛋ,584
interglandular,14361,0,ᛁᚾᛏᛖᚱᚷᛚᚪᚾᛞᚢᛚᚪᚱ,686
superexcellent,14177,0,ᛋᚢᛈᛖᚱᛖᛉᚳᛖᛚᛚᛖᚾᛏ,672
perspicaciously,14135,0,ᛈᛖᚱᛋᛈᛁᚳᚪᚳᛡᚢᛋᛚᚣ,710
councillorship,14084,0,ᚳᚩᚢᚾᚳᛁᛚᛚᚩᚱᛋᚻᛁᛈ,410
irreligiousness,14077,0,ᛁᚱᚱᛖᛚᛁᚷᛡᚢᛋᚾᛖᛋᛋ,606
watercolorists,14027,0,ᚹᚪᛏᛖᚱᚳᚩᛚᚩᚱᛁᛋᛏᛋ,560
pseudosciences,14006,0,ᛈᛋᛖᚢᛞᚩᛋᚳᛁᛖᚾᚳᛖᛋ,588
chesterfieldian,13988,0,ᚳᚻᛖᛋᛏᛖᚱᚠᛁᛖᛚᛞᛡᚾ,691
conscriptionist,13976,0,ᚳᚩᚾᛋᚳᚱᛁᛈᛏᛡᚾᛁᛋᛏ,538
particularises,13809,0,ᛈᚪᚱᛏᛁᚳᚢᛚᚪᚱᛁᛋᛖᛋ,642
sericulturists,13752,0,ᛋᛖᚱᛁᚳᚢᛚᛏᚢᚱᛁᛋᛏᛋ,520
inconsequences,13671,0,ᛁᚾᚳᚩᚾᛋᛖᚳᚹᛖᚾᚳᛖᛋ,490
colourlessness,13650,0,ᚳᚩᛚᚩᚢᚱᛚᛖᛋᛋᚾᛖᛋᛋ,562
antagonistical,13624,0,ᚪᚾᛏᚪᚷᚩᚾᛁᛋᛏᛁᚳᚪᛚ,692
johannisberger,13609,0,ᛂᚩᚻᚪᚾᚾᛁᛋᛒᛖᚱᚷᛖᚱ,540
inelasticities,13592,0,ᛁᚾᛖᛚᚪᛋᛏᛁᚳᛁᛏᛁᛖᛋ,694
sentimentalise,13533,0,ᛋᛖᚾᛏᛁᛗᛖᚾᛏᚪᛚᛁᛋᛖ,786
epigrammatical,13498,0,ᛖᛈᛁᚷᚱᚪᛗᛗᚪᛏᛁᚳᚪᛚ,778
inspirationally,13475,0,ᛁᚾᛋᛈᛁᚱᚪᛏᛡᚾᚪᛚᛚᚣ,836
antirheumatics,13422,0,ᚪᚾᛏᛁᚱᚻᛖᚢᛗᚪᛏᛁᚳᛋ,644
perishableness,13387,0,ᛈᛖᚱᛁᛋᚻᚪᛒᛚᛖᚾᛖᛋᛋ,728
semiterrestrial,13369,0,ᛋᛖᛗᛁᛏᛖᚱᚱᛖᛋᛏᚱᛡᛚ,740
stadtholdership,13337,0,ᛋᛏᚪᛞᚦᚩᛚᛞᛖᚱᛋᚻᛁᛈ,700
intermittences,13255,0,ᛁᚾᛏᛖᚱᛗᛁᛏᛏᛖᚾᚳᛖᛋ,646
schematizations,13241,0,ᛋᚳᚻᛖᛗᚪᛏᛁᛋᚪᛏᛡᚾᛋ,812
figurativeness,13213,0,ᚠᛁᚷᚢᚱᚪᛏᛁᚢᛖᚾᛖᛋᛋ,523
unalterability,13188,0,ᚢᚾᚪᛚᛏᛖᚱᚪᛒᛁᛚᛁᛏᚣ,794
honourableness,13167,0,ᚻᚩᚾᚩᚢᚱᚪᛒᛚᛖᚾᛖᛋᛋ,580
aphoristically,13014,0,ᚪᛈᚻᚩᚱᛁᛋᛏᛁᚳᚪᛚᛚᚣ,714
warmheartedness,12984,0,ᚹᚪᚱᛗᚻᛠᚱᛏᛖᛞᚾᛖᛋᛋ,758
discolourations,12964,0,ᛞᛁᛋᚳᚩᛚᚩᚢᚱᚪᛏᛡᚾᛋ,632
barometrically,12802,0,ᛒᚪᚱᚩᛗᛖᛏᚱᛁᚳᚪᛚᛚᚣ,774
alimentiveness,12745,0,ᚪᛚᛁᛗᛖᚾᛏᛁᚢᛖᚾᛖᛋᛋ,730
illustriousness,12744,0,ᛁᛚᛚᚢᛋᛏᚱᛡᚢᛋᚾᛖᛋᛋ,668
nonparticulate,12743,0,ᚾᚩᚾᛈᚪᚱᛏᛁᚳᚢᛚᚪᛏᛖ,618
circumspective,12714,0,ᚳᛁᚱᚳᚢᛗᛋᛈᛖᚳᛏᛁᚢᛖ,478
unreproducible,12708,0,ᚢᚾᚱᛖᛈᚱᚩᛞᚢᚳᛁᛒᛚᛖ,508
unmaintainable,12633,0,ᚢᚾᛗᚪᛁᚾᛏᚪᛁᚾᚪᛒᛚᛖ,774
photolithograph,12615,0,ᛈᚻᚩᛏᚩᛚᛁᚦᚩᚷᚱᚪᛈᚻ,446
radiomicrometer,12540,0,ᚱᚪᛞᛡᛗᛁᚳᚱᚩᛗᛖᛏᛖᚱ,712
conversationist,12468,0,ᚳᚩᚾᚢᛖᚱᛋᚪᛏᛡᚾᛁᛋᛏ,618
megasporophyll,12455,0,ᛗᛖᚷᚪᛋᛈᚩᚱᚩᛈᚻᚣᛚᛚ,688
levelheadedness,12400,0,ᛚᛖᚢᛖᛚᚻᛠᛞᛖᛞᚾᛖᛋᛋ,862
insurmountably,12303,0,ᛁᚾᛋᚢᚱᛗᚩᚢᚾᛏᚪᛒᛚᚣ,630
partridgeberry,12268,0,ᛈᚪᚱᛏᚱᛁᛞᚷᛖᛒᛖᚱᚱᚣ,678
tortoiseshells,12212,0,ᛏᚩᚱᛏᚩᛁᛋᛖᛋᚻᛖᛚᛚᛋ,636
demisemiquaver,12167,0,ᛞᛖᛗᛁᛋᛖᛗᛁᚳᚹᚪᚢᛖᚱ,690
unapproachably,12152,0,ᚢᚾᚪᛈᛈᚱᚩᚪᚳᚻᚪᛒᛚᚣ,700
nonachievement,11986,0,ᚾᚩᚾᚪᚳᚻᛁᛖᚢᛖᛗᛖᚾᛏ,592
contrapuntists,11975,0,ᚳᚩᚾᛏᚱᚪᛈᚢᚾᛏᛁᛋᛏᛋ,546
monochromatism,11813,0,ᛗᚩᚾᚩᚳᚻᚱᚩᛗᚪᛏᛁᛋᛗ,550
phantasmagorias,11755,0,ᛈᚻᚪᚾᛏᚪᛋᛗᚪᚷᚩᚱᛡᛋ,764
sulfanilamides,11738,0,ᛋᚢᛚᚠᚪᚾᛁᛚᚪᛗᛁᛞᛖᛋ,769
serviceberries,11696,0,ᛋᛖᚱᚢᛁᚳᛖᛒᛖᚱᚱᛁᛖᛋ,546
vociferousness,11678,0,ᚢᚩᚳᛁᚠᛖᚱᚩᚢᛋᚾᛖᛋᛋ,399
reconcilements,11574,0,ᚱᛖᚳᚩᚾᚳᛁᛚᛖᛗᛖᚾᛏᛋ,590
sadomasochists,11544,0,ᛋᚪᛞᚩᛗᚪᛋᚩᚳᚻᛁᛋᛏᛋ,706
contravallation,11516,0,ᚳᚩᚾᛏᚱᚪᚢᚪᛚᛚᚪᛏᛡᚾ,754
inexorableness,11387,0,ᛁᚾᛖᛉᚩᚱᚪᛒᛚᛖᚾᛖᛋᛋ,692
liberalisations,11297,0,ᛚᛁᛒᛖᚱᚪᛚᛁᛋᚪᛏᛡᚾᛋ,842
protozoologist,11247,0,ᛈᚱᚩᛏᚩᛋᚩᚩᛚᚩᚷᛁᛋᛏ,434
disrespectable,11229,0,ᛞᛁᛋᚱᛖᛋᛈᛖᚳᛏᚪᛒᛚᛖ,784
openhandedness,11219,0,ᚩᛈᛖᚾᚻᚪᚾᛞᛖᛞᚾᛖᛋᛋ,742
acanthopterygian,11194,0,ᚪᚳᚪᚾᚦᚩᛈᛏᛖᚱᚣᚷᛡᚾ,684
omnivorousness,11193,0,ᚩᛗᚾᛁᚢᚩᚱᚩᚢᛋᚾᛖᛋᛋ,424
inapproachable,11172,0,ᛁᚾᚪᛈᛈᚱᚩᚪᚳᚻᚪᛒᛚᛖ,692
ideographically,11121,0,ᛁᛞᛇᚷᚱᚪᛈᚻᛁᚳᚪᛚᛚᚣ,742
unmercifulness,11094,0,ᚢᚾᛗᛖᚱᚳᛁᚠᚢᛚᚾᛖᛋᛋ,505
alliteratively,11091,0,ᚪᛚᛚᛁᛏᛖᚱᚪᛏᛁᚢᛖᛚᚣ,844
controvertists,11088,0,ᚳᚩᚾᛏᚱᚩᚢᛖᚱᛏᛁᛋᛏᛋ,462
uncompanionable,11040,0,ᚢᚾᚳᚩᛗᛈᚪᚾᛡᚾᚪᛒᛚᛖ,726
injudiciousness,10929,0,ᛁᚾᛂᚢᛞᛁᚳᛡᚢᛋᚾᛖᛋᛋ,598
collectorships,10901,0,ᚳᚩᛚᛚᛖᚳᛏᚩᚱᛋᚻᛁᛈᛋ,526
comprehendible,10769,0,ᚳᚩᛗᛈᚱᛖᚻᛖᚾᛞᛁᛒᛚᛖ,652
coastguardsman,10718,0,ᚳᚩᚪᛋᛏᚷᚢᚪᚱᛞᛋᛗᚪᚾ,696
uniformitarians,10705,0,ᚢᚾᛁᚠᚩᚱᛗᛁᛏᚪᚱᛡᚾᛋ,541
overrefinement,10689,0,ᚩᚢᛖᚱᚱᛖᚠᛁᚾᛖᛗᛖᚾᛏ,521
magniloquently,10627,0,ᛗᚪᚷᚾᛁᛚᚩᚳᚹᛖᚾᛏᛚᚣ,688
incongruousness,10572,0,ᛁᚾᚳᚩᛝᚱᚢᚩᚢᛋᚾᛖᛋᛋ,438
uninterestedly,10528,0,ᚢᚾᛁᚾᛏᛖᚱᛖᛋᛏᛖᛞᛚᚣ,740
distractedness,10527,0,ᛞᛁᛋᛏᚱᚪᚳᛏᛖᛞᚾᛖᛋᛋ,770
supereminently,10491,0,ᛋᚢᛈᛖᚱᛖᛗᛁᚾᛖᚾᛏᛚᚣ,706
uneventfulness,10457,0,ᚢᚾᛖᚢᛖᚾᛏᚠᚢᛚᚾᛖᛋᛋ,537
telephotograph,10451,0,ᛏᛖᛚᛖᛈᚻᚩᛏᚩᚷᚱᚪᛈᚻ,596
postmistresses,10304,0,ᛈᚩᛋᛏᛗᛁᛋᛏᚱᛖᛋᛋᛖᛋ,680
scandinavianism,10198,0,ᛋᚳᚪᚾᛞᛁᚾᚪᚢᛡᚾᛁᛋᛗ,732
noncollapsible,10175,0,ᚾᚩᚾᚳᚩᛚᛚᚪᛈᛋᛁᛒᛚᛖ,656
halfheartedness,10150,0,ᚻᚪᛚᚠᚻᛠᚱᛏᛖᛞᚾᛖᛋᛋ,755
indoctrinations,9983,0,ᛁᚾᛞᚩᚳᛏᚱᛁᚾᚪᛏᛡᚾᛋ,644
sublieutenants,9935,0,ᛋᚢᛒᛚᛁᛖᚢᛏᛖᚾᚪᚾᛏᛋ,684
incandescently,9919,0,ᛁᚾᚳᚪᚾᛞᛖᛋᚳᛖᚾᛏᛚᚣ,752
treacherousness,9917,0,ᛏᚱᛠᚳᚻᛖᚱᚩᚢᛋᚾᛖᛋᛋ,558
interreflection,9846,0,ᛁᚾᛏᛖᚱᚱᛖᚠᛚᛖᚳᛏᛡᚾ,625
enantiomorphism,9747,0,ᛖᚾᚪᚾᛏᛡᛗᚩᚱᛈᚻᛁᛋᛗ,698
sympathectomies,9650,0,ᛋᚣᛗᛈᚪᚦᛖᚳᛏᚩᛗᛁᛖᛋ,740
quadrisyllable,9635,0,ᚳᚹᚪᛞᚱᛁᛋᚣᛚᛚᚪᛒᛚᛖ,860
unflappability,9623,0,ᚢᚾᚠᛚᚪᛈᛈᚪᛒᛁᛚᛁᛏᚣ,745
calligraphists,9592,0,ᚳᚪᛚᛚᛁᚷᚱᚪᛈᚻᛁᛋᛏᛋ,674
peripateticism,9584,0,ᛈᛖᚱᛁᛈᚪᛏᛖᛏᛁᚳᛁᛋᛗ,676
benefactresses,9537,0,ᛒᛖᚾᛖᚠᚪᚳᛏᚱᛖᛋᛋᛖᛋ,699
lepidodendroid,9511,0,ᛚᛖᛈᛁᛞᚩᛞᛖᚾᛞᚱᚩᛁᛞ,722
irritabilities,9511,0,ᛁᚱᚱᛁᛏᚪᛒᛁᛚᛁᛏᛁᛖᛋ,646
spiritlessness,9410,0,ᛋᛈᛁᚱᛁᛏᛚᛖᛋᛋᚾᛖᛋᛋ,676
dependableness,9350,0,ᛞᛖᛈᛖᚾᛞᚪᛒᛚᛖᚾᛖᛋᛋ,884
antiperistasis,9301,0,ᚪᚾᛏᛁᛈᛖᚱᛁᛋᛏᚪᛋᛁᛋ,714
tetrasporangium,9280,0,ᛏᛖᛏᚱᚪᛋᛈᚩᚱᚪᛝᛁᚢᛗ,688
retrogradations,9166,0,ᚱᛖᛏᚱᚩᚷᚱᚪᛞᚪᛏᛡᚾᛋ,714
insubstantially,9032,0,ᛁᚾᛋᚢᛒᛋᛏᚪᚾᛏᛡᛚᛚᚣ,830
lachrymatories,8971,0,ᛚᚪᚳᚻᚱᚣᛗᚪᛏᚩᚱᛁᛖᛋ,716
scleroproteins,8909,0,ᛋᚳᛚᛖᚱᚩᛈᚱᚩᛏᛖᛁᚾᛋ,524
detribalisation,8875,0,ᛞᛖᛏᚱᛁᛒᚪᛚᛁᛋᚪᛏᛡᚾ,864
revolutionarily,8826,0,ᚱᛖᚢᚩᛚᚢᛏᛡᚾᚪᚱᛁᛚᚣ,674
remanufactures,8821,0,ᚱᛖᛗᚪᚾᚢᚠᚪᚳᛏᚢᚱᛖᛋ,583
unchristianlike,8819,0,ᚢᚾᚳᚻᚱᛁᛋᛏᛡᚾᛚᛁᚳᛖ,542
unvanquishable,8718,0,ᚢᚾᚢᚪᚾᚳᚹᛁᛋᚻᚪᛒᛚᛖ,598
haberdasheries,8713,0,ᚻᚪᛒᛖᚱᛞᚪᛋᚻᛖᚱᛁᛖᛋ,750
generalissimos,8575,0,ᚷᛖᚾᛖᚱᚪᛚᛁᛋᛋᛁᛗᚩᛋ,660
invisibilities,8570,0,ᛁᚾᚢᛁᛋᛁᛒᛁᛚᛁᛏᛁᛖᛋ,584
dissimilitudes,8458,0,ᛞᛁᛋᛋᛁᛗᛁᛚᛁᛏᚢᛞᛖᛋ,734
telethermometer,8431,0,ᛏᛖᛚᛖᚦᛖᚱᛗᚩᛗᛖᛏᛖᚱ,702
tachistoscopes,8404,0,ᛏᚪᚳᚻᛁᛋᛏᚩᛋᚳᚩᛈᛖᛋ,578
unwatchfulness,8345,0,ᚢᚾᚹᚪᛏᚳᚻᚠᚢᛚᚾᛖᛋᛋ,523
quadruplication,8326,0,ᚳᚹᚪᛞᚱᚢᛈᛚᛁᚳᚪᛏᛡᚾ,684
mastodonsaurus,8265,0,ᛗᚪᛋᛏᚩᛞᚩᚾᛋᚪᚢᚱᚢᛋ,632
mnemotechnical,8184,0,ᛗᚾᛖᛗᚩᛏᛖᚳᚻᚾᛁᚳᚪᛚ,650
acrylonitriles,8060,0,ᚪᚳᚱᚣᛚᚩᚾᛁᛏᚱᛁᛚᛖᛋ,658
extemporisation,7954,0,ᛖᛉᛏᛖᛗᛈᚩᚱᛁᛋᚪᛏᛡᚾ,748
inexpressively,7914,0,ᛁᚾᛖᛉᛈᚱᛖᛋᛋᛁᚢᛖᛚᚣ,678
meditativeness,7891,0,ᛗᛖᛞᛁᛏᚪᛏᛁᚢᛖᚾᛖᛋᛋ,776
tumultuousness,7881,0,ᛏᚢᛗᚢᛚᛏᚢᚩᚢᛋᚾᛖᛋᛋ,536
unpatriotically,7870,0,ᚢᚾᛈᚪᛏᚱᛡᛏᛁᚳᚪᛚᛚᚣ,798
proprietorially,7836,0,ᛈᚱᚩᛈᚱᛁᛖᛏᚩᚱᛡᛚᛚᚣ,646
dichotomisation,7831,0,ᛞᛁᚳᚻᚩᛏᚩᛗᛁᛋᚪᛏᛡᚾ,676
impecuniousness,7770,0,ᛁᛗᛈᛖᚳᚢᚾᛡᚢᛋᚾᛖᛋᛋ,622
superpatriotism,7739,0,ᛋᚢᛈᛖᚱᛈᚪᛏᚱᛡᛏᛁᛋᛗ,708
kinaesthetically,7692,0,ᚳᛁᚾᚫᛋᚦᛖᛏᛁᚳᚪᛚᛚᚣ,748
fictionalisation,7623,0,ᚠᛁᚳᛏᛡᚾᚪᛚᛁᛋᚪᛏᛡᚾ,787
chordamesoderm,7619,0,ᚳᚻᚩᚱᛞᚪᛗᛖᛋᚩᛞᛖᚱᛗ,676
hereditarianism,7605,0,ᚻᛖᚱᛖᛞᛁᛏᚪᚱᛡᚾᛁᛋᛗ,746
capitalisations,7581,0,ᚳᚪᛈᛁᛏᚪᛚᛁᛋᚪᛏᛡᚾᛋ,842
justifiableness,7496,0,ᛂᚢᛋᛏᛁᚠᛡᛒᛚᛖᚾᛖᛋᛋ,695
incorruptibles,7382,0,ᛁᚾᚳᚩᚱᚱᚢᛈᛏᛁᛒᛚᛖᛋ,492
circularisation,7376,0,ᚳᛁᚱᚳᚢᛚᚪᚱᛁᛋᚪᛏᛡᚾ,628
stupendousness,7302,0,ᛋᛏᚢᛈᛖᚾᛞᚩᚢᛋᚾᛖᛋᛋ,608
gyrostabilizer,7275,0,ᚷᚣᚱᚩᛋᛏᚪᛒᛁᛚᛁᛋᛖᚱ,674
improvvisatore,7257,0,ᛁᛗᛈᚱᚩᚢᚢᛁᛋᚪᛏᚩᚱᛖ,494
ambassadresses,7250,0,ᚪᛗᛒᚪᛋᛋᚪᛞᚱᛖᛋᛋᛖᛋ,922
unimpressively,7239,0,ᚢᚾᛁᛗᛈᚱᛖᛋᛋᛁᚢᛖᛚᚣ,638
transitiveness,7159,0,ᛏᚱᚪᚾᛋᛁᛏᛁᚢᛖᚾᛖᛋᛋ,642
moderatorships,7114,0,ᛗᚩᛞᛖᚱᚪᛏᚩᚱᛋᚻᛁᛈᛋ,622
nonmechanistic,7070,0,ᚾᚩᚾᛗᛖᚳᚻᚪᚾᛁᛋᛏᛁᚳ,552
mistranscribed,7027,0,ᛗᛁᛋᛏᚱᚪᚾᛋᚳᚱᛁᛒᛖᛞ,676
vespertilionids,6956,0,ᚢᛖᛋᛈᛖᚱᛏᛁᛚᛡᚾᛁᛞᛋ,716
neglectfulness,6931,0,ᚾᛖᚷᛚᛖᚳᛏᚠᚢᛚᚾᛖᛋᛋ,605
dispiritedness,6868,0,ᛞᛁᛋᛈᛁᚱᛁᛏᛖᛞᚾᛖᛋᛋ,706
transaminations,6836,0,ᛏᚱᚪᚾᛋᚪᛗᛁᚾᚪᛏᛡᚾᛋ,822
morganatically,6805,0,ᛗᚩᚱᚷᚪᚾᚪᛏᛁᚳᚪᛚᛚᚣ,778
circuitousness,6772,0,ᚳᛁᚱᚳᚢᛁᛏᚩᚢᛋᚾᛖᛋᛋ,426
uninsurability,6763,0,ᚢᚾᛁᚾᛋᚢᚱᚪᛒᛁᛚᛁᛏᚣ,614
quadruplicates,6727,0,ᚳᚹᚪᛞᚱᚢᛈᛚᛁᚳᚪᛏᛖᛋ,668
keratoplasties,6678,0,ᚳᛖᚱᚪᛏᚩᛈᛚᚪᛋᛏᛁᛖᛋ,730
perissodactyle,6676,0,ᛈᛖᚱᛁᛋᛋᚩᛞᚪᚳᛏᚣᛚᛖ,766
unadaptability,6664,0,ᚢᚾᚪᛞᚪᛈᛏᚪᛒᛁᛚᛁᛏᚣ,872
unobjectionably,6558,0,ᚢᚾᚩᛒᛂᛖᚳᛏᛡᚾᚪᛒᛚᚣ,746
unsynchronised,6541,0,ᚢᚾᛋᚣᚾᚳᚻᚱᚩᚾᛁᛋᛖᛞ,540
corticotropins,6415,0,ᚳᚩᚱᛏᛁᚳᚩᛏᚱᚩᛈᛁᚾᛋ,374
remarkableness,6386,0,ᚱᛖᛗᚪᚱᚳᚪᛒᛚᛖᚾᛖᛋᛋ,770
disconcertment,6385,0,ᛞᛁᛋᚳᚩᚾᚳᛖᚱᛏᛗᛖᚾᛏ,598
discombobulate,6370,0,ᛞᛁᛋᚳᚩᛗᛒᚩᛒᚢᛚᚪᛏᛖ,692
oophorectomies,6365,0,ᚩᚩᛈᚻᚩᚱᛖᚳᛏᚩᛗᛁᛖᛋ,466
microcephalous,6365,0,ᛗᛁᚳᚱᚩᚳᛖᛈᚻᚪᛚᚩᚢᛋ,512
nonsensicality,6304,0,ᚾᚩᚾᛋᛖᚾᛋᛁᚳᚪᛚᛁᛏᚣ,674
inexplicitness,6274,0,ᛁᚾᛖᛉᛈᛚᛁᚳᛁᛏᚾᛖᛋᛋ,626
pteridological,6247,0,ᛈᛏᛖᚱᛁᛞᚩᛚᚩᚷᛁᚳᚪᛚ,618
newspaperwomen,6181,0,ᚾᛖᚹᛋᛈᚪᛈᛖᚱᚹᚩᛗᛖᚾ,622
hydrocephalous,6023,0,ᚻᚣᛞᚱᚩᚳᛖᛈᚻᚪᛚᚩᚢᛋ,612
frolicsomeness,6020,0,ᚠᚱᚩᛚᛁᚳᛋᚩᛗᛖᚾᛖᛋᛋ,537
finnbogadottir,5995,0,ᚠᛁᚾᚾᛒᚩᚷᚪᛞᚩᛏᛏᛁᚱ,529
reharmonization,5942,0,ᚱᛖᚻᚪᚱᛗᚩᚾᛁᛋᚪᛏᛡᚾ,692
inordinateness,5933,0,ᛁᚾᚩᚱᛞᛁᚾᚪᛏᛖᚾᛖᛋᛋ,652
cantankerously,5924,0,ᚳᚪᚾᛏᚪᚾᚳᛖᚱᚩᚢᛋᛚᚣ,654
anabaptistical,5819,0,ᚪᚾᚪᛒᚪᛈᛏᛁᛋᛏᛁᚳᚪᛚ,840
decontaminates,5780,0,ᛞᛖᚳᚩᚾᛏᚪᛗᛁᚾᚪᛏᛖᛋ,768
quinquepartite,5722,0,ᚳᚹᛁᚾᚳᚹᛖᛈᚪᚱᛏᛁᛏᛖ,558
anathematization,5685,0,ᚪᚾᚪᚦᛖᛗᚪᛏᛁᛋᚪᛏᛡᚾ,898
apoplectically,5683,0,ᚪᛈᚩᛈᛚᛖᚳᛏᛁᚳᚪᛚᛚᚣ,792
incommunicably,5659,0,ᛁᚾᚳᚩᛗᛗᚢᚾᛁᚳᚪᛒᛚᚣ,632
unmannerliness,5646,0,ᚢᚾᛗᚪᚾᚾᛖᚱᛚᛁᚾᛖᛋᛋ,642
frontierswomen,5643,0,ᚠᚱᚩᚾᛏᛁᛖᚱᛋᚹᚩᛗᛖᚾ,463
schismatically,5634,0,ᛋᚳᚻᛁᛋᛗᚪᛏᛁᚳᚪᛚᛚᚣ,790
insubordinates,5628,0,ᛁᚾᛋᚢᛒᚩᚱᛞᛁᚾᚪᛏᛖᛋ,620
melodramatists,5557,0,ᛗᛖᛚᚩᛞᚱᚪᛗᚪᛏᛁᛋᛏᛋ,838
regularisations,5555,0,ᚱᛖᚷᚢᛚᚪᚱᛁᛋᚪᛏᛡᚾᛋ,708
worshipfulness,5529,0,ᚹᚩᚱᛋᚻᛁᛈᚠᚢᛚᚾᛖᛋᛋ,467
bottomlessness,5519,0,ᛒᚩᛏᛏᚩᛗᛚᛖᛋᛋᚾᛖᛋᛋ,712
superficialness,5505,0,ᛋᚢᛈᛖᚱᚠᛁᚳᛡᛚᚾᛖᛋᛋ,605
anthropogenetic,5489,0,ᚪᚾᚦᚱᚩᛈᚩᚷᛖᚾᛖᛏᛁᚳ,482
anticipatively,5481,0,ᚪᚾᛏᛁᚳᛁᛈᚪᛏᛁᚢᛖᛚᚣ,736
proprietresses,5477,0,ᛈᚱᚩᛈᚱᛁᛖᛏᚱᛖᛋᛋᛖᛋ,576
eschatologists,5399,0,ᛖᛋᚳᚻᚪᛏᚩᛚᚩᚷᛁᛋᛏᛋ,612
illiterateness,5374,0,ᛁᛚᛚᛁᛏᛖᚱᚪᛏᛖᚾᛖᛋᛋ,770
accommodational,5315,0,ᚪᚳᚳᚩᛗᛗᚩᛞᚪᛏᛡᚾᚪᛚ,830
unresponsively,5311,0,ᚢᚾᚱᛖᛋᛈᚩᚾᛋᛁᚢᛖᛚᚣ,572
insurrectionism,5273,0,ᛁᚾᛋᚢᚱᚱᛖᚳᛏᛡᚾᛁᛋᛗ,568
hospitableness,5242,0,ᚻᚩᛋᛈᛁᛏᚪᛒᛚᛖᚾᛖᛋᛋ,716
quadruplicated,5233,0,ᚳᚹᚪᛞᚱᚢᛈᛚᛁᚳᚪᛏᛖᛞ,704
anagrammatical,5199,0,ᚪᚾᚪᚷᚱᚪᛗᛗᚪᛏᛁᚳᚪᛚ,860
tranquillities,5189,0,ᛏᚱᚪᚾᚳᚹᛁᛚᛚᛁᛏᛁᛖᛋ,646
coldheartedness,5187,0,ᚳᚩᛚᛞᚻᛠᚱᛏᛖᛞᚾᛖᛋᛋ,742
downheartedness,5170,0,ᛞᚩᚹᚾᚻᛠᚱᛏᛖᛞᚾᛖᛋᛋ,704
frontierswoman,5161,0,ᚠᚱᚩᚾᛏᛁᛖᚱᛋᚹᚩᛗᚪᚾ,493
contiguousness,5139,0,ᚳᚩᚾᛏᛁᚷᚢᚩᚢᛋᚾᛖᛋᛋ,424
macrosporangium,5131,0,ᛗᚪᚳᚱᚩᛋᛈᚩᚱᚪᛝᛁᚢᛗ,594
kremlinologist,5106,0,ᚳᚱᛖᛗᛚᛁᚾᚩᛚᚩᚷᛁᛋᛏ,542
photosensitize,5074,0,ᛈᚻᚩᛏᚩᛋᛖᚾᛋᛁᛏᛁᛋᛖ,582
tetrabranchiate,5047,0,ᛏᛖᛏᚱᚪᛒᚱᚪᚾᚳᚻᛡᛏᛖ,760
nonmetamorphic,5020,0,ᚾᚩᚾᛗᛖᛏᚪᛗᚩᚱᛈᚻᛁᚳ,558
sternutatories,4993,0,ᛋᛏᛖᚱᚾᚢᛏᚪᛏᚩᚱᛁᛖᛋ,606
thunderstricken,4967,0,ᚦᚢᚾᛞᛖᚱᛋᛏᚱᛁᚳᚳᛖᚾ,480
irrestrainable,4945,0,ᛁᚱᚱᛖᛋᛏᚱᚪᛁᚾᚪᛒᛚᛖ,698
hypostatisation,4945,0,ᚻᚣᛈᚩᛋᛏᚪᛏᛁᛋᚪᛏᛡᚾ,820
entomostracous,4922,0,ᛖᚾᛏᚩᛗᚩᛋᛏᚱᚪᚳᚩᚢᛋ,536
incestuousness,4920,0,ᛁᚾᚳᛖᛋᛏᚢᚩᚢᛋᚾᛖᛋᛋ,520
inquisitorially,4901,0,ᛁᚾᚳᚹᛁᛋᛁᛏᚩᚱᛡᛚᛚᚣ,640
monotonousness,4882,0,ᛗᚩᚾᚩᛏᚩᚾᚩᚢᛋᚾᛖᛋᛋ,474
stenographical,4873,0,ᛋᛏᛖᚾᚩᚷᚱᚪᛈᚻᛁᚳᚪᛚ,620
convalescences,4856,0,ᚳᚩᚾᚢᚪᛚᛖᛋᚳᛖᚾᚳᛖᛋ,584
prepositionally,4726,0,ᛈᚱᛖᛈᚩᛋᛁᛏᛡᚾᚪᛚᛚᚣ,796
hemagglutinate,4724,0,ᚻᛖᛗᚪᚷᚷᛚᚢᛏᛁᚾᚪᛏᛖ,710
unsuperstitious,4708,0,ᚢᚾᛋᚢᛈᛖᚱᛋᛏᛁᛏᛡᚢᛋ,574
acknowledgeable,4699,0,ᚪᚳᚳᚾᚩᚹᛚᛖᛞᚷᛠᛒᛚᛖ,734
philatelically,4675,0,ᛈᚻᛁᛚᚪᛏᛖᛚᛁᚳᚪᛚᛚᚣ,856
circumstantiate,4670,0,ᚳᛁᚱᚳᚢᛗᛋᛏᚪᚾᛏᛡᛏᛖ,672
philosophaster,4665,0,ᛈᚻᛁᛚᚩᛋᚩᛈᚻᚪᛋᛏᛖᚱ,590
calligraphical,4537,0,ᚳᚪᛚᛚᛁᚷᚱᚪᛈᚻᛁᚳᚪᛚ,692
uncommemorated,4499,0,ᚢᚾᚳᚩᛗᛗᛖᛗᚩᚱᚪᛏᛖᛞ,662
indecorousness,4487,0,ᛁᚾᛞᛖᚳᚩᚱᚩᚢᛋᚾᛖᛋᛋ,512
sigmoidoscopes,4426,0,ᛋᛁᚷᛗᚩᛁᛞᚩᛋᚳᚩᛈᛖᛋ,542
illegitimacies,4406,0,ᛁᛚᛚᛖᚷᛁᛏᛁᛗᚪᚳᛁᛖᛋ,714
sacchariferous,4363,0,ᛋᚪᚳᚳᚻᚪᚱᛁᚠᛖᚱᚩᚢᛋ,481
passementeries,4361,0,ᛈᚪᛋᛋᛖᛗᛖᚾᛏᛖᚱᛁᛖᛋ,768
felicitousness,4359,0,ᚠᛖᛚᛁᚳᛁᛏᚩᚢᛋᚾᛖᛋᛋ,541
overcapitalize,4353,0,ᚩᚢᛖᚱᚳᚪᛈᛁᛏᚪᛚᛁᛋᛖ,652
effervescently,4329,0,ᛖᚠᚠᛖᚱᚢᛖᛋᚳᛖᚾᛏᛚᚣ,616
overparticular,4315,0,ᚩᚢᛖᚱᛈᚪᚱᛏᛁᚳᚢᛚᚪᚱ,526
preponderances,4254,0,ᛈᚱᛖᛈᚩᚾᛞᛖᚱᚪᚾᚳᛖᛋ,626
memorializations,4212,0,ᛗᛖᛗᚩᚱᛡᛚᛁᛋᚪᛏᛡᚾᛋ,836
personableness,4195,0,ᛈᛖᚱᛋᚩᚾᚪᛒᛚᛖᚾᛖᛋᛋ,710
substantialness,4165,0,ᛋᚢᛒᛋᛏᚪᚾᛏᛡᛚᚾᛖᛋᛋ,796
despicableness,4160,0,ᛞᛖᛋᛈᛁᚳᚪᛒᛚᛖᚾᛖᛋᛋ,796
intangibilities,4151,0,ᛁᚾᛏᚪᛝᛁᛒᛁᛚᛁᛏᛁᛖᛋ,732
refractiveness,4117,0,ᚱᛖᚠᚱᚪᚳᛏᛁᚢᛖᚾᛖᛋᛋ,563
splenomegalies,4074,0,ᛋᛈᛚᛖᚾᚩᛗᛖᚷᚪᛚᛁᛖᛋ,748
implacableness,4071,0,ᛁᛗᛈᛚᚪᚳᚪᛒᛚᛖᚾᛖᛋᛋ,828
compendiousness,4064,0,ᚳᚩᛗᛈᛖᚾᛞᛡᚢᛋᚾᛖᛋᛋ,684
metempsychoses,3953,0,ᛗᛖᛏᛖᛗᛈᛋᚣᚳᚻᚩᛋᛖᛋ,750
unchivalrously,3927,0,ᚢᚾᚳᚻᛁᚢᚪᛚᚱᚩᚢᛋᛚᚣ,522
checkerberries,3923,0,ᚳᚻᛖᚳᚳᛖᚱᛒᛖᚱᚱᛁᛖᛋ,508
inappositeness,3877,0,ᛁᚾᚪᛈᛈᚩᛋᛁᛏᛖᚾᛖᛋᛋ,662
photogenically,3852,0,ᛈᚻᚩᛏᚩᚷᛖᚾᛁᚳᚪᛚᛚᚣ,642
protospatharius,3822,0,ᛈᚱᚩᛏᚩᛋᛈᚪᚦᚪᚱᛁᚢᛋ,520
attainableness,3752,0,ᚪᛏᛏᚪᛁᚾᚪᛒᛚᛖᚾᛖᛋᛋ,872
brokenheartedly,3735,0,ᛒᚱᚩᚳᛖᚾᚻᛠᚱᛏᛖᛞᛚᚣ,722
millionairesses,3702,0,ᛗᛁᛚᛚᛡᚾᚪᛁᚱᛖᛋᛋᛖᛋ,816
emotionlessness,3682,0,ᛖᛗᚩᛏᛡᚾᛚᛖᛋᛋᚾᛖᛋᛋ,788
counterpunches,3674,0,ᚳᚩᚢᚾᛏᛖᚱᛈᚢᚾᚳᚻᛖᛋ,420
trigonometries,3671,0,ᛏᚱᛁᚷᚩᚾᚩᛗᛖᛏᚱᛁᛖᛋ,520
accountantship,3663,0,ᚪᚳᚳᚩᚢᚾᛏᚪᚾᛏᛋᚻᛁᛈ,556
scandalousness,3646,0,ᛋᚳᚪᚾᛞᚪᛚᚩᚢᛋᚾᛖᛋᛋ,716
commonsensible,3535,0,ᚳᚩᛗᛗᚩᚾᛋᛖᚾᛋᛁᛒᛚᛖ,632
platitudinarian,3521,0,ᛈᛚᚪᛏᛁᛏᚢᛞᛁᚾᚪᚱᛡᚾ,758
immobilisations,3517,0,ᛁᛗᛗᚩᛒᛁᛚᛁᛋᚪᛏᛡᚾᛋ,774
chivalrousness,3482,0,ᚳᚻᛁᚢᚪᛚᚱᚩᚢᛋᚾᛖᛋᛋ,516
immoderateness,3477,0,ᛁᛗᛗᚩᛞᛖᚱᚪᛏᛖᚾᛖᛋᛋ,772
popularisations,3459,0,ᛈᚩᛈᚢᛚᚪᚱᛁᛋᚪᛏᛡᚾᛋ,706
inframaxillary,3459,0,ᛁᚾᚠᚱᚪᛗᚪᛉᛁᛚᛚᚪᚱᚣ,773
unconsequential,3449,0,ᚢᚾᚳᚩᚾᛋᛖᚳᚹᛖᚾᛏᛡᛚ,568
indiscreetness,3445,0,ᛁᚾᛞᛁᛋᚳᚱᛖᛖᛏᚾᛖᛋᛋ,652
hyperpituitary,3434,0,ᚻᚣᛈᛖᚱᛈᛁᛏᚢᛁᛏᚪᚱᚣ,684
overcomplexity,3396,0,ᚩᚢᛖᚱᚳᚩᛗᛈᛚᛖᛉᛁᛏᚣ,602
anthropometries,3386,0,ᚪᚾᚦᚱᚩᛈᚩᛗᛖᛏᚱᛁᛖᛋ,558
micrometeoritic,3383,0,ᛗᛁᚳᚱᚩᛗᛖᛏᛇᚱᛁᛏᛁᚳ,516
euphuistically,3354,0,ᛖᚢᛈᚻᚢᛁᛋᛏᛁᚳᚪᛚᛚᚣ,672
philosophizers,3352,0,ᛈᚻᛁᛚᚩᛋᚩᛈᚻᛁᛋᛖᚱᛋ,518
indeterminably,3350,0,ᛁᚾᛞᛖᛏᛖᚱᛗᛁᚾᚪᛒᛚᚣ,818
historicalness,3341,0,ᚻᛁᛋᛏᚩᚱᛁᚳᚪᛚᚾᛖᛋᛋ,600
disdainfulness,3294,0,ᛞᛁᛋᛞᚪᛁᚾᚠᚢᛚᚾᛖᛋᛋ,699
protestantisms,3292,0,ᛈᚱᚩᛏᛖᛋᛏᚪᚾᛏᛁᛋᛗᛋ,692
answerableness,3278,0,ᚪᚾᛋᚹᛖᚱᚪᛒᛚᛖᚾᛖᛋᛋ,776
unhygienically,3268,0,ᚢᚾᚻᚣᚷᛁᛖᚾᛁᚳᚪᛚᛚᚣ,692
neuroanatomies,3151,0,ᚾᛖᚢᚱᚩᚪᚾᚪᛏᚩᛗᛁᛖᛋ,628
slatternliness,3105,0,ᛋᛚᚪᛏᛏᛖᚱᚾᛚᛁᚾᛖᛋᛋ,754
colorimetrical,3097,0,ᚳᚩᛚᚩᚱᛁᛗᛖᛏᚱᛁᚳᚪᛚ,564
conventionalise,3050,0,ᚳᚩᚾᚢᛖᚾᛏᛡᚾᚪᛚᛁᛋᛖ,664
stapedectomies,3047,0,ᛋᛏᚪᛈᛖᛞᛖᚳᛏᚩᛗᛁᛖᛋ,776
limnologically,3036,0,ᛚᛁᛗᚾᚩᛚᚩᚷᛁᚳᚪᛚᛚᚣ,698
nonreciprocating,3020,0,ᚾᚩᚾᚱᛖᚳᛁᛈᚱᚩᚳᚪᛏᛝ,496
resistlessness,2976,0,ᚱᛖᛋᛁᛋᛏᛚᛖᛋᛋᚾᛖᛋᛋ,722
bougainvillaeas,2875,0,ᛒᚩᚢᚷᚪᛁᚾᚢᛁᛚᛚᚫᚪᛋ,676
doctrinarianism,2871,0,ᛞᚩᚳᛏᚱᛁᚾᚪᚱᛡᚾᛁᛋᛗ,638
discommendable,2844,0,ᛞᛁᛋᚳᚩᛗᛗᛖᚾᛞᚪᛒᛚᛖ,818
telautographic,2832,0,ᛏᛖᛚᚪᚢᛏᚩᚷᚱᚪᛈᚻᛁᚳ,600
exteriorizations,2828,0,ᛖᛉᛏᛖᚱᛡᚱᛁᛋᚪᛏᛡᚾᛋ,798
abominableness,2813,0,ᚪᛒᚩᛗᛁᚾᚪᛒᛚᛖᚾᛖᛋᛋ,796
effeminateness,2754,0,ᛖᚠᚠᛖᛗᛁᚾᚪᛏᛖᚾᛖᛋᛋ,694
spiritualizers,2738,0,ᛋᛈᛁᚱᛁᛏᚢᚪᛚᛁᛋᛖᚱᛋ,616
conterminously,2726,0,ᚳᚩᚾᛏᛖᚱᛗᛁᚾᚩᚢᛋᛚᚣ,556
hyperextensions,2725,0,ᚻᚣᛈᛖᚱᛖᛉᛏᛖᚾᛋᛡᚾᛋ,758
disillusionised,2723,0,ᛞᛁᛋᛁᛚᛚᚢᛋᛡᚾᛁᛋᛖᛞ,782
underexposures,2699,0,ᚢᚾᛞᛖᚱᛖᛉᛈᚩᛋᚢᚱᛖᛋ,550
bacteriophagous,2641,0,ᛒᚪᚳᛏᛖᚱᛡᛈᚻᚪᚷᚩᚢᛋ,658
inacquaintance,2634,0,ᛁᚾᚪᚳᚳᚹᚪᛁᚾᛏᚪᚾᚳᛖ,624
stoutheartedness,2624,0,ᛋᛏᚩᚢᚦᛠᚱᛏᛖᛞᚾᛖᛋᛋ,664
arteriographies,2556,0,ᚪᚱᛏᛖᚱᛡᚷᚱᚪᛈᚻᛁᛖᛋ,694
ambidextrously,2514,0,ᚪᛗᛒᛁᛞᛖᛉᛏᚱᚩᚢᛋᛚᚣ,772
affenpinschers,2479,0,ᚪᚠᚠᛖᚾᛈᛁᚾᛋᚳᚻᛖᚱᛋ,520
unscrupulosity,2474,0,ᚢᚾᛋᚳᚱᚢᛈᚢᛚᚩᛋᛁᛏᚣ,484
saponifications,2380,0,ᛋᚪᛈᚩᚾᛁᚠᛁᚳᚪᛏᛡᚾᛋ,651
brontosauruses,2379,0,ᛒᚱᚩᚾᛏᚩᛋᚪᚢᚱᚢᛋᛖᛋ,514
noninheritable,2335,0,ᚾᚩᚾᛁᚾᚻᛖᚱᛁᛏᚪᛒᛚᛖ,614
oneirocritical,2317,0,ᚩᚾᛖᛁᚱᚩᚳᚱᛁᛏᛁᚳᚪᛚ,480
reprehensively,2272,0,ᚱᛖᛈᚱᛖᚻᛖᚾᛋᛁᚢᛖᛚᚣ,648
myrmecophagous,2272,0,ᛗᚣᚱᛗᛖᚳᚩᛈᚻᚪᚷᚩᚢᛋ,586
tendosynovitis,2241,0,ᛏᛖᚾᛞᚩᛋᚣᚾᚩᚢᛁᛏᛁᛋ,620
acetylcholines,2240,0,ᚪᚳᛖᛏᚣᛚᚳᚻᚩᛚᛁᚾᛖᛋ,708
disinfestations,2239,0,ᛞᛁᛋᛁᚾᚠᛖᛋᛏᚪᛏᛡᚾᛋ,759
statuesqueness,2233,0,ᛋᛏᚪᛏᚢᛖᛋᚳᚹᛖᚾᛖᛋᛋ,692
counsellorship,2205,0,ᚳᚩᚢᚾᛋᛖᛚᛚᚩᚱᛋᚻᛁᛈ,486
transitivities,2181,0,ᛏᚱᚪᚾᛋᛁᛏᛁᚢᛁᛏᛁᛖᛋ,614
malacopterygian,2151,0,ᛗᚪᛚᚪᚳᚩᛈᛏᛖᚱᚣᚷᛡᚾ,794
incredibleness,2107,0,ᛁᚾᚳᚱᛖᛞᛁᛒᛚᛖᚾᛖᛋᛋ,674
chincherinchee,2069,0,ᚳᚻᛁᚾᚳᚻᛖᚱᛁᚾᚳᚻᛖᛖ,440
consubstantiate,2047,0,ᚳᚩᚾᛋᚢᛒᛋᛏᚪᚾᛏᛡᛏᛖ,696
malodorousness,2046,0,ᛗᚪᛚᚩᛞᚩᚱᚩᚢᛋᚾᛖᛋᛋ,620
acrimoniousness,2035,0,ᚪᚳᚱᛁᛗᚩᚾᛡᚢᛋᚾᛖᛋᛋ,624
macrocephalous,1986,0,ᛗᚪᚳᚱᚩᚳᛖᛈᚻᚪᛚᚩᚢᛋ,578
catachrestical,1980,0,ᚳᚪᛏᚪᚳᚻᚱᛖᛋᛏᛁᚳᚪᛚ,706
presidentships,1958,0,ᛈᚱᛖᛋᛁᛞᛖᚾᛏᛋᚻᛁᛈᛋ,652
campanological,1957,0,ᚳᚪᛗᛈᚪᚾᚩᛚᚩᚷᛁᚳᚪᛚ,668
bastardizations,1900,0,ᛒᚪᛋᛏᚪᚱᛞᛁᛋᚪᛏᛡᚾᛋ,896
actinomycetous,1826,0,ᚪᚳᛏᛁᚾᚩᛗᚣᚳᛖᛏᚩᚢᛋ,612
fraternizations,1817,0,ᚠᚱᚪᛏᛖᚱᚾᛁᛋᚪᛏᛡᚾᛋ,705
aftersensations,1817,0,ᚪᚠᛏᛖᚱᛋᛖᚾᛋᚪᛏᛡᚾᛋ,783
secularisations,1798,0,ᛋᛖᚳᚢᛚᚪᚱᛁᛋᚪᛏᛡᚾᛋ,746
inflexibleness,1782,0,ᛁᚾᚠᛚᛖᛉᛁᛒᛚᛖᚾᛖᛋᛋ,683
futilitarianism,1777,0,ᚠᚢᛏᛁᛚᛁᛏᚪᚱᛡᚾᛁᛋᛗ,657
bowdlerizations,1764,0,ᛒᚩᚹᛞᛚᛖᚱᛁᛋᚪᛏᛡᚾᛋ,756
unpremeditation,1733,0,ᚢᚾᛈᚱᛖᛗᛖᛞᛁᛏᚪᛏᛡᚾ,762
proconsulships,1719,0,ᛈᚱᚩᚳᚩᚾᛋᚢᛚᛋᚻᛁᛈᛋ,442
republicanisms,1710,0,ᚱᛖᛈᚢᛒᛚᛁᚳᚪᚾᛁᛋᛗᛋ,636
counselorships,1706,0,ᚳᚩᚢᚾᛋᛖᛚᚩᚱᛋᚻᛁᛈᛋ,466
tercentenaries,1701,0,ᛏᛖᚱᚳᛖᚾᛏᛖᚾᚪᚱᛁᛖᛋ,660
traitorousness,1697,0,ᛏᚱᚪᛁᛏᚩᚱᚩᚢᛋᚾᛖᛋᛋ,540
patronymically,1683,0,ᛈᚪᛏᚱᚩᚾᚣᛗᛁᚳᚪᛚᛚᚣ,810
subnormalities,1661,0,ᛋᚢᛒᚾᚩᚱᛗᚪᛚᛁᛏᛁᛖᛋ,646
hydropathically,1639,0,ᚻᚣᛞᚱᚩᛈᚪᚦᛁᚳᚪᛚᛚᚣ,768
scurrilousness,1624,0,ᛋᚳᚢᚱᚱᛁᛚᚩᚢᛋᚾᛖᛋᛋ,460
inexterminable,1624,0,ᛁᚾᛖᛉᛏᛖᚱᛗᛁᚾᚪᛒᛚᛖ,740
anthropophagite,1579,0,ᚪᚾᚦᚱᚩᛈᚩᛈᚻᚪᚷᛁᛏᛖ,536
ephemeralities,1537,0,ᛖᛈᚻᛖᛗᛖᚱᚪᛚᛁᛏᛁᛖᛋ,760
disacknowledge,1532,0,ᛞᛁᛋᚪᚳᚳᚾᚩᚹᛚᛖᛞᚷᛖ,664
commanderships,1532,0,ᚳᚩᛗᛗᚪᚾᛞᛖᚱᛋᚻᛁᛈᛋ,658
inirritability,1524,0,ᛁᚾᛁᚱᚱᛁᛏᚪᛒᛁᛚᛁᛏᚣ,658
inefficaciously,1522,0,ᛁᚾᛖᚠᚠᛁᚳᚪᚳᛡᚢᛋᛚᚣ,624
omphaloskepsis,1510,0,ᚩᛗᛈᚻᚪᛚᚩᛋᚳᛖᛈᛋᛁᛋ,634
philadelphuses,1483,0,ᛈᚻᛁᛚᚪᛞᛖᛚᛈᚻᚢᛋᛖᛋ,738
actinometrical,1471,0,ᚪᚳᛏᛁᚾᚩᛗᛖᛏᚱᛁᚳᚪᛚ,658
paleogeographies,1467,0,ᛈᚪᛚᛇᚷᛇᚷᚱᚪᛈᚻᛁᛖᛋ,654
glycerogelatin,1459,0,ᚷᛚᚣᚳᛖᚱᚩᚷᛖᛚᚪᛏᛁᚾ,664
sesquipedality,1418,0,ᛋᛖᛋᚳᚹᛁᛈᛖᛞᚪᛚᛁᛏᚣ,798
sprightfulness,1401,0,ᛋᛈᚱᛁᚷᚻᛏᚠᚢᛚᚾᛖᛋᛋ,517
delectableness,1387,0,ᛞᛖᛚᛖᚳᛏᚪᛒᛚᛖᚾᛖᛋᛋ,868
streptothricins,1385,0,ᛋᛏᚱᛖᛈᛏᚩᚦᚱᛁᚳᛁᚾᛋ,472
cryptographist,1379,0,ᚳᚱᚣᛈᛏᚩᚷᚱᚪᛈᚻᛁᛋᛏ,570
enterostenosis,1355,0,ᛖᚾᛏᛖᚱᚩᛋᛏᛖᚾᚩᛋᛁᛋ,592
cylindricality,1287,0,ᚳᚣᛚᛁᚾᛞᚱᛁᚳᚪᛚᛁᛏᚣ,756
nonprotractile,1278,0,ᚾᚩᚾᛈᚱᚩᛏᚱᚪᚳᛏᛁᛚᛖ,536
laryngostenosis,1265,0,ᛚᚪᚱᚣᛝᚩᛋᛏᛖᚾᚩᛋᛁᛋ,722
anathematisation,1253,0,ᚪᚾᚪᚦᛖᛗᚪᛏᛁᛋᚪᛏᛡᚾ,898
prestigiousness,1236,0,ᛈᚱᛖᛋᛏᛁᚷᛡᚢᛋᚾᛖᛋᛋ,646
noncollectable,1214,0,ᚾᚩᚾᚳᚩᛚᛚᛖᚳᛏᚪᛒᛚᛖ,668
pacifistically,1180,0,ᛈᚪᚳᛁᚠᛁᛋᛏᛁᚳᚪᛚᛚᚣ,719
actinomorphous,1170,0,ᚪᚳᛏᛁᚾᚩᛗᚩᚱᛈᚻᚩᚢᛋ,454
defenestrations,1158,0,ᛞᛖᚠᛖᚾᛖᛋᛏᚱᚪᛏᛡᚾᛋ,789
uncheerfulness,1157,0,ᚢᚾᚳᚻᛖᛖᚱᚠᚢᛚᚾᛖᛋᛋ,493
electrocutioner,1156,0,ᛖᛚᛖᚳᛏᚱᚩᚳᚢᛏᛡᚾᛖᚱ,586
nontarnishable,1155,0,ᚾᚩᚾᛏᚪᚱᚾᛁᛋᚻᚪᛒᛚᛖ,666
conceptualisms,1143,0,ᚳᚩᚾᚳᛖᛈᛏᚢᚪᛚᛁᛋᛗᛋ,612
secundigravida,1087,0,ᛋᛖᚳᚢᚾᛞᛁᚷᚱᚪᚢᛁᛞᚪ,630
progressivisms,1061,0,ᛈᚱᚩᚷᚱᛖᛋᛋᛁᚢᛁᛋᛗᛋ,504
microcephalies,1057,0,ᛗᛁᚳᚱᚩᚳᛖᛈᚻᚪᛚᛁᛖᛋ,600
solicitorships,1022,0,ᛋᚩᛚᛁᚳᛁᛏᚩᚱᛋᚻᛁᛈᛋ,488
holometabolism,1005,0,ᚻᚩᛚᚩᛗᛖᛏᚪᛒᚩᛚᛁᛋᛗ,700
paleopathologies,990,0,ᛈᚪᛚᛇᛈᚪᚦᚩᛚᚩᚷᛁᛖᛋ,654
sacrosanctness,985,0,ᛋᚪᚳᚱᚩᛋᚪᚾᚳᛏᚾᛖᛋᛋ,634
tintinnabulate,984,0,ᛏᛁᚾᛏᛁᚾᚾᚪᛒᚢᛚᚪᛏᛖ,724
rhodochrosites,972,0,ᚱᚻᚩᛞᚩᚳᚻᚱᚩᛋᛁᛏᛖᛋ,454
accompliceship,968,0,ᚪᚳᚳᚩᛗᛈᛚᛁᚳᛖᛋᚻᛁᛈ,578
unsuspectingness,955,0,ᚢᚾᛋᚢᛋᛈᛖᚳᛏᛝᚾᛖᛋᛋ,604
centralisations,948,0,ᚳᛖᚾᛏᚱᚪᛚᛁᛋᚪᛏᛡᚾᛋ,778
incontinencies,940,0,ᛁᚾᚳᚩᚾᛏᛁᚾᛖᚾᚳᛁᛖᛋ,488
heavyheartedness,940,0,ᚻᛠᚢᚣᚻᛠᚱᛏᛖᛞᚾᛖᛋᛋ,798
hypochondriases,933,0,ᚻᚣᛈᚩᚳᚻᚩᚾᛞᚱᛡᛋᛖᛋ,628
paleoethnography,930,0,ᛈᚪᛚᛇᛖᚦᚾᚩᚷᚱᚪᛈᚻᚣ,656
impossibleness,918,0,ᛁᛗᛈᚩᛋᛋᛁᛒᛚᛖᚾᛖᛋᛋ,692
phonographical,917,0,ᛈᚻᚩᚾᚩᚷᚱᚪᛈᚻᛁᚳᚪᛚ,514
schoolmastered,914,0,ᛋᚳᚻᚩᚩᛚᛗᚪᛋᛏᛖᚱᛖᛞ,690
uncongenialities,886,0,ᚢᚾᚳᚩᛝᛖᚾᛡᛚᛁᛏᛁᛖᛋ,648
extrameridional,884,0,ᛖᛉᛏᚱᚪᛗᛖᚱᛁᛞᛡᚾᚪᛚ,856
telencephalons,876,0,ᛏᛖᛚᛖᚾᚳᛖᛈᚻᚪᛚᚩᚾᛋ,700
christmastides,870,0,ᚳᚻᚱᛁᛋᛏᛗᚪᛋᛏᛁᛞᛖᛋ,710
ignominiousness,867,0,ᛁᚷᚾᚩᛗᛁᚾᛡᚢᛋᚾᛖᛋᛋ,580
academicianship,849,0,ᚪᚳᚪᛞᛖᛗᛁᚳᛡᚾᛋᚻᛁᛈ,764
zubeneschamali,843,0,ᛋᚢᛒᛖᚾᛖᛋᚳᚻᚪᛗᚪᛚᛁ,738
protectorships,839,0,ᛈᚱᚩᛏᛖᚳᛏᚩᚱᛋᚻᛁᛈᛋ,480
absorbefacient,829,0,ᚪᛒᛋᚩᚱᛒᛖᚠᚪᚳᛁᛖᚾᛏ,655
unsanitariness,786,0,ᚢᚾᛋᚪᚾᛁᛏᚪᚱᛁᚾᛖᛋᛋ,642
anamorphoscope,782,0,ᚪᚾᚪᛗᚩᚱᛈᚻᚩᛋᚳᚩᛈᛖ,568
villainousness,767,0,ᚢᛁᛚᛚᚪᛁᚾᚩᚢᛋᚾᛖᛋᛋ,602
chordomesoderm,760,0,ᚳᚻᚩᚱᛞᚩᛗᛖᛋᚩᛞᛖᚱᛗ,586
synonymousness,754,0,ᛋᚣᚾᚩᚾᚣᛗᚩᚢᛋᚾᛖᛋᛋ,660
invaluableness,754,0,ᛁᚾᚢᚪᛚᚢᚪᛒᛚᛖᚾᛖᛋᛋ,736
stainabilities,750,0,ᛋᛏᚪᛁᚾᚪᛒᛁᛚᛁᛏᛁᛖᛋ,772
encompassments,750,0,ᛖᚾᚳᚩᛗᛈᚪᛋᛋᛗᛖᚾᛏᛋ,712
oversubscribes,748,0,ᚩᚢᛖᚱᛋᚢᛒᛋᚳᚱᛁᛒᛖᛋ,494
precipitancies,738,0,ᛈᚱᛖᚳᛁᛈᛁᛏᚪᚾᚳᛁᛖᛋ,588
paterfamiliases,735,0,ᛈᚪᛏᛖᚱᚠᚪᛗᛁᛚᛡᛋᛖᛋ,831
untransmutable,730,0,ᚢᚾᛏᚱᚪᚾᛋᛗᚢᛏᚪᛒᛚᛖ,712
hyperobtrusive,724,0,ᚻᚣᛈᛖᚱᚩᛒᛏᚱᚢᛋᛁᚢᛖ,542
unbreakableness,707,0,ᚢᚾᛒᚱᛠᚳᚪᛒᛚᛖᚾᛖᛋᛋ,726
sesquipedalians,707,0,ᛋᛖᛋᚳᚹᛁᛈᛖᛞᚪᛚᛡᚾᛋ,794
mettlesomeness,691,0,ᛗᛖᛏᛏᛚᛖᛋᚩᛗᛖᚾᛖᛋᛋ,796
millenarianisms,690,0,ᛗᛁᛚᛚᛖᚾᚪᚱᛡᚾᛁᛋᛗᛋ,796
monosaccharose,689,0,ᛗᚩᚾᚩᛋᚪᚳᚳᚻᚪᚱᚩᛋᛖ,548
disheartenments,689,0,ᛞᛁᛋᚻᛠᚱᛏᛖᚾᛗᛖᚾᛏᛋ,750
stigmatisations,684,0,ᛋᛏᛁᚷᛗᚪᛏᛁᛋᚪᛏᛡᚾᛋ,816
orchidectomies,684,0,ᚩᚱᚳᚻᛁᛞᛖᚳᛏᚩᛗᛁᛖᛋ,542
mastigophorans,663,0,ᛗᚪᛋᛏᛁᚷᚩᛈᚻᚩᚱᚪᚾᛋ,598
associabilities,658,0,ᚪᛋᛋᚩᚳᛡᛒᛁᛚᛁᛏᛁᛖᛋ,736
accoustrements,631,0,ᚪᚳᚳᚩᚢᛋᛏᚱᛖᛗᛖᚾᛏᛋ,602
hyperlipoidemia,611,0,ᚻᚣᛈᛖᚱᛚᛁᛈᚩᛁᛞᛖᛗᛡ,766
archaeopteryxes,585,0,ᚪᚱᚳᚻᚫᚩᛈᛏᛖᚱᚣᛉᛖᛋ,702
mispunctuations,568,0,ᛗᛁᛋᛈᚢᚾᚳᛏᚢᚪᛏᛡᚾᛋ,650
polytonalities,550,0,ᛈᚩᛚᚣᛏᚩᚾᚪᛚᛁᛏᛁᛖᛋ,732
impassibleness,547,0,ᛁᛗᛈᚪᛋᛋᛁᛒᛚᛖᚾᛖᛋᛋ,782
devitalizations,547,0,ᛞᛖᚢᛁᛏᚪᛚᛁᛋᚪᛏᛡᚾᛋ,848
bouillabaisses,545,0,ᛒᚩᚢᛁᛚᛚᚪᛒᚪᛁᛋᛋᛖᛋ,760
overactivities,540,0,ᚩᚢᛖᚱᚪᚳᛏᛁᚢᛁᛏᛁᛖᛋ,532
overcapitalise,533,0,ᚩᚢᛖᚱᚳᚪᛈᛁᛏᚪᛚᛁᛋᛖ,652
fraternisations,532,0,ᚠᚱᚪᛏᛖᚱᚾᛁᛋᚪᛏᛡᚾᛋ,705
precentorships,530,0,ᛈᚱᛖᚳᛖᚾᛏᚩᚱᛋᚻᛁᛈᛋ,510
legislatorship,518,0,ᛚᛖᚷᛁᛋᛚᚪᛏᚩᚱᛋᚻᛁᛈ,638
ichthyosauruses,504,0,ᛁᚳᚻᚦᚣᚩᛋᚪᚢᚱᚢᛋᛖᛋ,522
christmastimes,504,0,ᚳᚻᚱᛁᛋᛏᛗᚪᛋᛏᛁᛗᛖᛋ,692
perceptivities,498,0,ᛈᛖᚱᚳᛖᛈᛏᛁᚢᛁᛏᛁᛖᛋ,578
disfurnishment,495,0,ᛞᛁᛋᚠᚢᚱᚾᛁᛋᚻᛗᛖᚾᛏ,551
resplendencies,492,0,ᚱᛖᛋᛈᛚᛖᚾᛞᛖᚾᚳᛁᛖᛋ,692
densitometries,491,0,ᛞᛖᚾᛋᛁᛏᚩᛗᛖᛏᚱᛁᛖᛋ,694
nitrosobacteria,482,0,ᚾᛁᛏᚱᚩᛋᚩᛒᚪᚳᛏᛖᚱᛡ,612
undecipherably,477,0,ᚢᚾᛞᛖᚳᛁᛈᚻᛖᚱᚪᛒᛚᚣ,710
compulsivities,471,0,ᚳᚩᛗᛈᚢᛚᛋᛁᚢᛁᛏᛁᛖᛋ,538
paleencephalon,449,0,ᛈᚪᛚᛖᛖᚾᚳᛖᛈᚻᚪᛚᚩᚾ,728
radiophotograph,443,0,ᚱᚪᛞᛡᛈᚻᚩᛏᚩᚷᚱᚪᛈᚻ,634
digitalizations,441,0,ᛞᛁᚷᛁᛏᚪᛚᛁᛋᚪᛏᛡᚾᛋ,826
tenderheartedly,440,0,ᛏᛖᚾᛞᛖᚱᚻᛠᚱᛏᛖᛞᛚᚣ,856
attitudinizers,440,0,ᚪᛏᛏᛁᛏᚢᛞᛁᚾᛁᛋᛖᚱᛋ,672
photosensitise,432,0,ᛈᚻᚩᛏᚩᛋᛖᚾᛋᛁᛏᛁᛋᛖ,582
disembarkments,424,0,ᛞᛁᛋᛖᛗᛒᚪᚱᚳᛗᛖᚾᛏᛋ,772
paleoencephalon,420,0,ᛈᚪᛚᛇᛖᚾᚳᛖᛈᚻᚪᛚᚩᚾ,702
homogenisations,414,0,ᚻᚩᛗᚩᚷᛖᚾᛁᛋᚪᛏᛡᚾᛋ,650
councilorships,394,0,ᚳᚩᚢᚾᚳᛁᛚᚩᚱᛋᚻᛁᛈᛋ,390
protohistories,362,0,ᛈᚱᚩᛏᚩᚻᛁᛋᛏᚩᚱᛁᛖᛋ,462
taskmistresses,360,0,ᛏᚪᛋᚳᛗᛁᛋᛏᚱᛖᛋᛋᛖᛋ,740
impermanencies,351,0,ᛁᛗᛈᛖᚱᛗᚪᚾᛖᚾᚳᛁᛖᛋ,680
fornicatresses,346,0,ᚠᚩᚱᚾᛁᚳᚪᛏᚱᛖᛋᛋᛖᛋ,553
armamentariums,344,0,ᚪᚱᛗᚪᛗᛖᚾᛏᚪᚱᛁᚢᛗᛋ,768
archidiaconates,335,0,ᚪᚱᚳᚻᛁᛞᛡᚳᚩᚾᚪᛏᛖᛋ,696
impolitenesses,324,0,ᛁᛗᛈᚩᛚᛁᛏᛖᚾᛖᛋᛋᛖᛋ,704
intercommunions,321,0,ᛁᚾᛏᛖᚱᚳᚩᛗᛗᚢᚾᛡᚾᛋ,580
mildheartedness,320,0,ᛗᛁᛚᛞᚻᛠᚱᛏᛖᛞᚾᛖᛋᛋ,824
impermeableness,312,0,ᛁᛗᛈᛖᚱᛗᛠᛒᛚᛖᚾᛖᛋᛋ,806
protozoologies,309,0,ᛈᚱᚩᛏᚩᛋᚩᚩᛚᚩᚷᛁᛖᛋ,442
saccharinities,278,0,ᛋᚪᚳᚳᚻᚪᚱᛁᚾᛁᛏᛁᛖᛋ,608
gelatinousness,278,0,ᚷᛖᛚᚪᛏᛁᚾᚩᚢᛋᚾᛖᛋᛋ,638
colpocystocele,269,0,ᚳᚩᛚᛈᚩᚳᚣᛋᛏᚩᚳᛖᛚᛖ,598
amicablenesses,266,0,ᚪᛗᛁᚳᚪᛒᛚᛖᚾᛖᛋᛋᛖᛋ,832
sparkleberries,263,0,ᛋᛈᚪᚱᚳᛚᛖᛒᛖᚱᚱᛁᛖᛋ,658
achondroplasias,257,0,ᚪᚳᚻᚩᚾᛞᚱᚩᛈᛚᚪᛋᛡᛋ,702
hemimetabolism,254,0,ᚻᛖᛗᛁᛗᛖᛏᚪᛒᚩᛚᛁᛋᛗ,782
brachydactylic,247,0,ᛒᚱᚪᚳᚻᚣᛞᚪᚳᛏᚣᛚᛁᚳ,786
bastardisations,241,0,ᛒᚪᛋᛏᚪᚱᛞᛁᛋᚪᛏᛡᚾᛋ,896
corticoefferent,225,0,ᚳᚩᚱᛏᛁᚳᛟᚠᚠᛖᚱᛖᚾᛏ,454
mesencephalons,223,0,ᛗᛖᛋᛖᚾᚳᛖᛈᚻᚪᛚᚩᚾᛋ,692
voluminosities,216,0,ᚢᚩᛚᚢᛗᛁᚾᚩᛋᛁᛏᛁᛖᛋ,518
subsequentness,207,0,ᛋᚢᛒᛋᛖᚳᚹᛖᚾᛏᚾᛖᛋᛋ,626
salpiglossises,203,0,ᛋᚪᛚᛈᛁᚷᛚᚩᛋᛋᛁᛋᛖᛋ,704
solitudinarians,194,0,ᛋᚩᛚᛁᛏᚢᛞᛁᚾᚪᚱᛡᚾᛋ,672
monopolisations,194,0,ᛗᚩᚾᚩᛈᚩᛚᛁᛋᚪᛏᛡᚾᛋ,666
amphiprostylar,194,0,ᚪᛗᛈᚻᛁᛈᚱᚩᛋᛏᚣᛚᚪᚱ,722
liebfraumilchs,192,0,ᛚᛁᛖᛒᚠᚱᚪᚢᛗᛁᛚᚳᚻᛋ,609
noticeabilities,188,0,ᚾᚩᛏᛁᚳᛠᛒᛁᛚᛁᛏᛁᛖᛋ,654
palaeornithology,187,0,ᛈᚪᛚᚫᚩᚱᚾᛁᚦᚩᛚᚩᚷᚣ,604
monogamousness,187,0,ᛗᚩᚾᚩᚷᚪᛗᚩᚢᛋᚾᛖᛋᛋ,564
sacerdotalisms,186,0,ᛋᚪᚳᛖᚱᛞᚩᛏᚪᛚᛁᛋᛗᛋ,774
plumbaginaceous,184,0,ᛈᛚᚢᛗᛒᚪᚷᛁᚾᚪᚳᛇᚢᛋ,632
suitablenesses,177,0,ᛋᚢᛁᛏᚪᛒᛚᛖᚾᛖᛋᛋᛖᛋ,766
improbableness,177,0,ᛁᛗᛈᚱᚩᛒᚪᛒᛚᛖᚾᛖᛋᛋ,724
gyrostabiliser,170,0,ᚷᚣᚱᚩᛋᛏᚪᛒᛁᛚᛁᛋᛖᚱ,674
salamandriform,166,0,ᛋᚪᛚᚪᛗᚪᚾᛞᚱᛁᚠᚩᚱᛗ,739
operationalisms,162,0,ᚩᛈᛖᚱᚪᛏᛡᚾᚪᛚᛁᛋᛗᛋ,798
zoroastrianisms,160,0,ᛋᚩᚱᚩᚪᛋᛏᚱᛡᚾᛁᛋᛗᛋ,642
digestibleness,155,0,ᛞᛁᚷᛖᛋᛏᛁᛒᛚᛖᚾᛖᛋᛋ,750
arboricultures,151,0,ᚪᚱᛒᚩᚱᛁᚳᚢᛚᛏᚢᚱᛖᛋ,500
abstractionisms,151,0,ᚪᛒᛋᛏᚱᚪᚳᛏᛡᚾᛁᛋᛗᛋ,794
meticulosities,139,0,ᛗᛖᛏᛁᚳᚢᛚᚩᛋᛁᛏᛁᛖᛋ,618
syncretistical,128,0,ᛋᚣᚾᚳᚱᛖᛏᛁᛋᛏᛁᚳᚪᛚ,692
effectualities,120,0,ᛖᚠᚠᛖᚳᛏᚢᚪᛚᛁᛏᛁᛖᛋ,624
sinistralities,116,0,ᛋᛁᚾᛁᛋᛏᚱᚪᛚᛁᛏᛁᛖᛋ,678
femininenesses,115,0,ᚠᛖᛗᛁᚾᛁᚾᛖᚾᛖᛋᛋᛖᛋ,649
physostigmines,99,0,ᛈᚻᚣᛋᚩᛋᛏᛁᚷᛗᛁᚾᛖᛋ,640
inculpableness,99,0,ᛁᚾᚳᚢᛚᛈᚪᛒᛚᛖᚾᛖᛋᛋ,692
overprotections,91,0,ᚩᚢᛖᚱᛈᚱᚩᛏᛖᚳᛏᛡᚾᛋ,536
everydaynesses,80,0,ᛖᚢᛖᚱᚣᛞᚪᚣᚾᛖᛋᛋᛖᛋ,862
uncoquettishly,78,0,ᚢᚾᚳᚩᚳᚹᛖᛏᛏᛁᛋᚻᛚᚣ,552
scandalizations,75,0,ᛋᚳᚪᚾᛞᚪᛚᛁᛋᚪᛏᛡᚾᛋ,880
cystoparalysis,75,0,ᚳᚣᛋᛏᚩᛈᚪᚱᚪᛚᚣᛋᛁᛋ,796
ammonifications,73,0,ᚪᛗᛗᚩᚾᛁᚠᛁᚳᚪᛏᛡᚾᛋ,697
boustrophedons,71,0,ᛒᚩᚢᛋᛏᚱᚩᛈᚻᛖᛞᚩᚾᛋ,512
obsoletenesses,69,0,ᚩᛒᛋᚩᛚᛖᛏᛖᚾᛖᛋᛋᛖᛋ,716
pentobarbitals,65,0,ᛈᛖᚾᛏᚩᛒᚪᚱᛒᛁᛏᚪᛚᛋ,748
paleodendrology,62,0,ᛈᚪᛚᛇᛞᛖᚾᛞᚱᚩᛚᚩᚷᚣ,746
macrencephalic,62,0,ᛗᚪᚳᚱᛖᚾᚳᛖᛈᚻᚪᛚᛁᚳ,648
namelessnesses,59,0,ᚾᚪᛗᛖᛚᛖᛋᛋᚾᛖᛋᛋᛖᛋ,832
ungraciousnesses,56,0,ᚢᛝᚱᚪᚳᛡᚢᛋᚾᛖᛋᛋᛖᛋ,688
abstractnesses,55,0,ᚪᛒᛋᛏᚱᚪᚳᛏᚾᛖᛋᛋᛖᛋ,772
subcommitteess,54,0,ᛋᚢᛒᚳᚩᛗᛗᛁᛏᛏᛖᛖᛋᛋ,668
quincentennials,51,0,ᚳᚹᛁᚾᚳᛖᚾᛏᛖᚾᚾᛡᛚᛋ,618
clinocephalism,50,0,ᚳᛚᛁᚾᚩᚳᛖᛈᚻᚪᛚᛁᛋᛗ,624
unassumingnesses,48,0,ᚢᚾᚪᛋᛋᚢᛗᛝᚾᛖᛋᛋᛖᛋ,710
macrocephalies,47,0,ᛗᚪᚳᚱᚩᚳᛖᛈᚻᚪᛚᛁᛖᛋ,666
polyplacophore,45,0,ᛈᚩᛚᚣᛈᛚᚪᚳᚩᛈᚻᚩᚱᛖ,610
admirabilities,44,0,ᚪᛞᛗᛁᚱᚪᛒᛁᛚᛁᛏᛁᛖᛋ,802
